timestamp,LH_x,LH_y,LH_z,LH_R,LH_P,LH_Y,RH_x,RH_y,RH_z,RH_R,RH_P,RH_Y,grasp
0.0,0.19507169487666476,0.12661296041547285,0.6856731381770488,-3.8298623237327474e-05,0.4680549396215299,-0.0002146792719517204,0.19507169487666476,-0.17066156041547287,0.6856731381770488,3.8298623237327474e-05,0.4680549396215299,0.0002146792719517204,0
0.005,0.19507169487666476,0.12661296041547285,0.6906617290554039,-3.8298623237327474e-05,0.4680549396215299,-0.0002146792719517204,0.19507169487666476,-0.17066156041547287,0.6856731381770488,3.8298623237327474e-05,0.4680549396215299,0.0002146792719517204,0
0.01,0.19507169487666476,0.12661296041547285,0.695650319933759,-3.8298623237327474e-05,0.4680549396215299,-0.0002146792719517204,0.19507169487666476,-0.17066156041547287,0.6856731381770488,3.8298623237327474e-05,0.4680549396215299,0.0002146792719517204,0
0.015,0.19507169487666476,0.12661296041547285,0.7006389108121142,-3.8298623237327474e-05,0.4680549396215299,-0.0002146792719517204,0.19507169487666476,-0.17066156041547287,0.6856731381770488,3.8298623237327474e-05,0.4680549396215299,0.0002146792719517204,0
0.02,0.19507169487666473,0.12661296041547285,0.7056275016904692,-3.8298623237327474e-05,0.4680549396215299,-0.0002146792719517204,0.19507169487666476,-0.17066156041547287,0.6856731381770488,3.8298623237327474e-05,0.4680549396215299,0.0002146792719517204,0
0.025,0.19507169487666476,0.12661296041547285,0.7106160925688243,-3.8298623237327474e-05,0.4680549396215299,-0.0002146792719517204,0.19507169487666476,-0.17066156041547287,0.6856731381770488,3.8298623237327474e-05,0.4680549396215299,0.0002146792719517204,0
0.030000000000000002,0.19507169487666476,0.12661296041547287,0.7156046834471794,-3.8298623237327474e-05,0.4680549396215299,-0.0002146792719517204,0.19507169487666476,-0.17066156041547287,0.6856731381770488,3.8298623237327474e-05,0.4680549396215299,0.0002146792719517204,0
0.035,0.19507169487666476,0.12661296041547285,0.7205932743255345,-3.8298623237327474e-05,0.4680549396215299,-0.0002146792719517204,0.19507169487666476,-0.17066156041547287,0.6856731381770488,3.8298623237327474e-05,0.4680549396215299,0.0002146792719517204,0
0.04,0.1950716948766648,0.12661296041547285,0.7255818652038897,-3.8298623237327474e-05,0.4680549396215299,-0.0002146792719517204,0.19507169487666476,-0.17066156041547287,0.6856731381770488,3.8298623237327474e-05,0.4680549396215299,0.0002146792719517204,0
0.045,0.19507169487666476,0.12661296041547285,0.7305704560822447,-3.8298623237327474e-05,0.4680549396215299,-0.0002146792719517204,0.19507169487666476,-0.17066156041547287,0.6856731381770488,3.8298623237327474e-05,0.4680549396215299,0.0002146792719517204,0
0.049999999999999996,0.19507169487666476,0.12661296041547285,0.7355590469605999,-3.8298623237327474e-05,0.4680549396215299,-0.0002146792719517204,0.19507169487666476,-0.17066156041547287,0.6856731381770488,3.8298623237327474e-05,0.4680549396215299,0.0002146792719517204,0
0.05499999999999999,0.19507169487666476,0.12661296041547285,0.7405476378389549,-3.8298623237327474e-05,0.4680549396215299,-0.0002146792719517204,0.19507169487666476,-0.17066156041547287,0.6856731381770488,3.8298623237327474e-05,0.4680549396215299,0.0002146792719517204,0
0.05999999999999999,0.19507169487666476,0.12661296041547285,0.74553622871731,-3.8298623237327474e-05,0.4680549396215299,-0.0002146792719517204,0.19507169487666476,-0.17066156041547287,0.6856731381770488,3.8298623237327474e-05,0.4680549396215299,0.0002146792719517204,0
0.06499999999999999,0.19507169487666476,0.12661296041547285,0.7505248195956651,-3.8298623237327474e-05,0.4680549396215299,-0.0002146792719517204,0.19507169487666476,-0.17066156041547287,0.6856731381770488,3.8298623237327474e-05,0.4680549396215299,0.0002146792719517204,0
0.06999999999999999,0.19507169487666476,0.12661296041547285,0.7555134104740202,-3.8298623237327474e-05,0.4680549396215299,-0.0002146792719517204,0.19507169487666476,-0.17066156041547287,0.6856731381770488,3.8298623237327474e-05,0.4680549396215299,0.0002146792719517204,0
0.075,0.19507169487666476,0.12661296041547285,0.7605020013523753,-3.8298623237327474e-05,0.4680549396215299,-0.0002146792719517204,0.19507169487666476,-0.17066156041547287,0.6856731381770488,3.8298623237327474e-05,0.4680549396215299,0.0002146792719517204,0
0.08,0.19507169487666476,0.12661296041547285,0.7654905922307305,-3.8298623237327474e-05,0.4680549396215299,-0.0002146792719517204,0.19507169487666476,-0.17066156041547287,0.6856731381770488,3.8298623237327474e-05,0.4680549396215299,0.0002146792719517204,0
0.085,0.19507169487666476,0.12661296041547285,0.7704791831090856,-3.8298623237327474e-05,0.4680549396215299,-0.0002146792719517204,0.19507169487666476,-0.17066156041547287,0.6856731381770488,3.8298623237327474e-05,0.4680549396215299,0.0002146792719517204,0
0.09000000000000001,0.19507169487666476,0.12661296041547285,0.7754677739874407,-3.8298623237327474e-05,0.4680549396215299,-0.0002146792719517204,0.19507169487666476,-0.17066156041547287,0.6856731381770488,3.8298623237327474e-05,0.4680549396215299,0.0002146792719517204,0
0.09500000000000001,0.19507169487666476,0.12661296041547285,0.7804563648657957,-3.8298623237327474e-05,0.4680549396215299,-0.0002146792719517204,0.19507169487666476,-0.17066156041547287,0.6856731381770488,3.8298623237327474e-05,0.4680549396215299,0.0002146792719517204,0
0.10000000000000002,0.19507169487666476,0.12661296041547285,0.7854449557441509,-3.8298623237327474e-05,0.4680549396215299,-0.0002146792719517204,0.19507169487666476,-0.17066156041547287,0.6856731381770488,3.8298623237327474e-05,0.4680549396215299,0.0002146792719517204,0
0.10500000000000002,0.19507169487666476,0.12661296041547285,0.7904335466225061,-3.8298623237327474e-05,0.4680549396215299,-0.0002146792719517204,0.19507169487666476,-0.17066156041547287,0.6856731381770488,3.8298623237327474e-05,0.4680549396215299,0.0002146792719517204,0
0.11000000000000003,0.19507169487666476,0.12661296041547285,0.7954221375008611,-3.8298623237327474e-05,0.4680549396215299,-0.0002146792719517204,0.19507169487666476,-0.17066156041547287,0.6856731381770488,3.8298623237327474e-05,0.4680549396215299,0.0002146792719517204,0
0.11500000000000003,0.19507169487666476,0.12661296041547285,0.8004107283792161,-3.8298623237327474e-05,0.4680549396215299,-0.0002146792719517204,0.19507169487666476,-0.17066156041547287,0.6856731381770488,3.8298623237327474e-05,0.4680549396215299,0.0002146792719517204,0
0.12000000000000004,0.19507169487666476,0.12661296041547285,0.8053993192575714,-3.8298623237327474e-05,0.4680549396215299,-0.0002146792719517204,0.19507169487666476,-0.17066156041547287,0.6856731381770488,3.8298623237327474e-05,0.4680549396215299,0.0002146792719517204,0
0.12500000000000003,0.19507169487666476,0.12661296041547285,0.8103879101359264,-3.8298623237327474e-05,0.4680549396215299,-0.0002146792719517204,0.19507169487666476,-0.17066156041547287,0.6856731381770488,3.8298623237327474e-05,0.4680549396215299,0.0002146792719517204,0
0.13000000000000003,0.19507169487666476,0.12661296041547285,0.8153765010142815,-3.8298623237327474e-05,0.4680549396215299,-0.0002146792719517204,0.19507169487666476,-0.17066156041547287,0.6856731381770488,3.8298623237327474e-05,0.4680549396215299,0.0002146792719517204,0
0.13500000000000004,0.19507169487666476,0.12661296041547285,0.8203650918926366,-3.8298623237327474e-05,0.4680549396215299,-0.0002146792719517204,0.19507169487666476,-0.17066156041547287,0.6856731381770488,3.8298623237327474e-05,0.4680549396215299,0.0002146792719517204,0
0.14000000000000004,0.19507169487666476,0.12661296041547282,0.8253536827709917,-3.8298623237327474e-05,0.4680549396215299,-0.0002146792719517204,0.19507169487666476,-0.17066156041547287,0.6856731381770488,3.8298623237327474e-05,0.4680549396215299,0.0002146792719517204,0
0.14500000000000005,0.19507169487666476,0.12661296041547285,0.8303422736493469,-3.8298623237327474e-05,0.4680549396215299,-0.0002146792719517204,0.19507169487666476,-0.17066156041547287,0.6856731381770488,3.8298623237327474e-05,0.4680549396215299,0.0002146792719517204,0
0.15000000000000005,0.19507169487666476,0.12661296041547285,0.835330864527702,-3.8298623237327474e-05,0.4680549396215299,-0.0002146792719517204,0.19507169487666476,-0.17066156041547287,0.6856731381770488,3.8298623237327474e-05,0.4680549396215299,0.0002146792719517204,0
0.15500000000000005,0.19507169487666476,0.12661296041547285,0.840319455406057,-3.8298623237327474e-05,0.4680549396215299,-0.0002146792719517204,0.19507169487666476,-0.17066156041547287,0.6856731381770488,3.8298623237327474e-05,0.4680549396215299,0.0002146792719517204,0
0.16000000000000006,0.19507169487666476,0.12661296041547285,0.845308046284412,-3.8298623237327474e-05,0.4680549396215299,-0.0002146792719517204,0.19507169487666476,-0.17066156041547287,0.6856731381770488,3.8298623237327474e-05,0.4680549396215299,0.0002146792719517204,0
0.16500000000000006,0.19507169487666476,0.12661296041547285,0.8502966371627672,-3.8298623237327474e-05,0.4680549396215299,-0.0002146792719517204,0.19507169487666476,-0.17066156041547287,0.6856731381770488,3.8298623237327474e-05,0.4680549396215299,0.0002146792719517204,0
0.17000000000000007,0.19507169487666476,0.12661296041547285,0.8552852280411223,-3.8298623237327474e-05,0.4680549396215299,-0.0002146792719517204,0.19507169487666476,-0.17066156041547287,0.6856731381770488,3.8298623237327474e-05,0.4680549396215299,0.0002146792719517204,0
0.17500000000000007,0.19507169487666476,0.12661296041547285,0.8602738189194774,-3.8298623237327474e-05,0.4680549396215299,-0.0002146792719517204,0.19507169487666476,-0.17066156041547287,0.6856731381770488,3.8298623237327474e-05,0.4680549396215299,0.0002146792719517204,0
0.18000000000000008,0.19507169487666476,0.12661296041547285,0.8652624097978325,-3.8298623237327474e-05,0.4680549396215299,-0.0002146792719517204,0.19507169487666476,-0.17066156041547287,0.6856731381770488,3.8298623237327474e-05,0.4680549396215299,0.0002146792719517204,0
0.18500000000000008,0.19507169487666476,0.12661296041547285,0.8702510006761877,-3.8298623237327474e-05,0.4680549396215299,-0.0002146792719517204,0.19507169487666476,-0.17066156041547287,0.6856731381770488,3.8298623237327474e-05,0.4680549396215299,0.0002146792719517204,0
0.19000000000000009,0.19507169487666476,0.12661296041547285,0.8752395915545428,-3.8298623237327474e-05,0.4680549396215299,-0.0002146792719517204,0.19507169487666476,-0.17066156041547287,0.6856731381770488,3.8298623237327474e-05,0.4680549396215299,0.0002146792719517204,0
0.1950000000000001,0.19507169487666476,0.12661296041547285,0.8802281824328979,-3.8298623237327474e-05,0.4680549396215299,-0.0002146792719517204,0.19507169487666476,-0.17066156041547287,0.6856731381770488,3.8298623237327474e-05,0.4680549396215299,0.0002146792719517204,0
0.2000000000000001,0.19507169487666476,0.12661296041547285,0.885216773311253,-3.8298623237327474e-05,0.4680549396215299,-0.0002146792719517204,0.19507169487666476,-0.17066156041547287,0.6856731381770488,3.8298623237327474e-05,0.4680549396215299,0.0002146792719517204,0
0.2050000000000001,0.19507169487666476,0.12661296041547285,0.8902053641896082,-3.8298623237327474e-05,0.4680549396215299,-0.0002146792719517204,0.19507169487666476,-0.17066156041547287,0.6856731381770488,3.8298623237327474e-05,0.4680549396215299,0.0002146792719517204,0
0.2100000000000001,0.19507169487666476,0.12661296041547285,0.8951939550679632,-3.8298623237327474e-05,0.4680549396215299,-0.0002146792719517204,0.19507169487666476,-0.17066156041547287,0.6856731381770488,3.8298623237327474e-05,0.4680549396215299,0.0002146792719517204,0
0.2150000000000001,0.19507169487666476,0.12661296041547285,0.9001825459463183,-3.8298623237327474e-05,0.4680549396215299,-0.0002146792719517204,0.19507169487666476,-0.17066156041547287,0.6856731381770488,3.8298623237327474e-05,0.4680549396215299,0.0002146792719517204,0
0.2200000000000001,0.19507169487666476,0.12661296041547285,0.9051711368246734,-3.8298623237327474e-05,0.4680549396215299,-0.0002146792719517204,0.19507169487666476,-0.17066156041547287,0.6856731381770488,3.8298623237327474e-05,0.4680549396215299,0.0002146792719517204,0
0.22500000000000012,0.19507169487666476,0.12661296041547285,0.9101597277030286,-3.8298623237327474e-05,0.4680549396215299,-0.0002146792719517204,0.19507169487666476,-0.17066156041547287,0.6856731381770488,3.8298623237327474e-05,0.4680549396215299,0.0002146792719517204,0
0.23000000000000012,0.19507169487666476,0.12661296041547285,0.9151483185813837,-3.8298623237327474e-05,0.4680549396215299,-0.0002146792719517204,0.19507169487666476,-0.17066156041547287,0.6856731381770488,3.8298623237327474e-05,0.4680549396215299,0.0002146792719517204,0
0.23500000000000013,0.19507169487666476,0.12661296041547285,0.9201369094597387,-3.8298623237327474e-05,0.4680549396215299,-0.0002146792719517204,0.19507169487666476,-0.17066156041547287,0.6856731381770488,3.8298623237327474e-05,0.4680549396215299,0.0002146792719517204,0
0.24000000000000013,0.19507169487666476,0.12661296041547285,0.9251255003380939,-3.8298623237327474e-05,0.4680549396215299,-0.0002146792719517204,0.19507169487666476,-0.17066156041547287,0.6856731381770488,3.8298623237327474e-05,0.4680549396215299,0.0002146792719517204,0
0.24500000000000013,0.19507169487666476,0.12661296041547285,0.930114091216449,-3.8298623237327474e-05,0.4680549396215299,-0.0002146792719517204,0.19507169487666476,-0.17066156041547287,0.6856731381770488,3.8298623237327474e-05,0.4680549396215299,0.0002146792719517204,0
0.2500000000000001,0.19507169487666476,0.12661296041547285,0.935102682094804,-3.8298623237327474e-05,0.4680549396215299,-0.0002146792719517204,0.19507169487666476,-0.17066156041547287,0.6856731381770488,3.8298623237327474e-05,0.4680549396215299,0.0002146792719517204,0
0.2550000000000001,0.19507169487666476,0.12661296041547285,0.9400912729731591,-3.8298623237327474e-05,0.4680549396215299,-0.0002146792719517204,0.19507169487666476,-0.17066156041547287,0.6856731381770488,3.8298623237327474e-05,0.4680549396215299,0.0002146792719517204,0
0.2600000000000001,0.19507169487666476,0.12661296041547285,0.9450798638515142,-3.8298623237327474e-05,0.4680549396215299,-0.0002146792719517204,0.19507169487666476,-0.17066156041547287,0.6856731381770488,3.8298623237327474e-05,0.4680549396215299,0.0002146792719517204,0
0.2650000000000001,0.19507169487666476,0.12661296041547285,0.9500684547298693,-3.8298623237327474e-05,0.4680549396215299,-0.0002146792719517204,0.19507169487666476,-0.17066156041547287,0.6856731381770488,3.8298623237327474e-05,0.4680549396215299,0.0002146792719517204,0
0.27000000000000013,0.19507169487666476,0.12661296041547285,0.9550570456082245,-3.8298623237327474e-05,0.4680549396215299,-0.0002146792719517204,0.19507169487666476,-0.17066156041547287,0.6856731381770488,3.8298623237327474e-05,0.4680549396215299,0.0002146792719517204,0
0.27500000000000013,0.19507169487666476,0.12661296041547285,0.9600456364865795,-3.8298623237327474e-05,0.4680549396215299,-0.0002146792719517204,0.19507169487666476,-0.17066156041547287,0.6856731381770488,3.8298623237327474e-05,0.4680549396215299,0.0002146792719517204,0
0.28000000000000014,0.19507169487666476,0.12661296041547285,0.9650342273649346,-3.8298623237327474e-05,0.4680549396215299,-0.0002146792719517204,0.19507169487666476,-0.17066156041547287,0.6856731381770488,3.8298623237327474e-05,0.4680549396215299,0.0002146792719517204,0
0.28500000000000014,0.19507169487666476,0.12661296041547285,0.9700228182432897,-3.8298623237327474e-05,0.4680549396215299,-0.0002146792719517204,0.19507169487666476,-0.17066156041547287,0.6856731381770488,3.8298623237327474e-05,0.4680549396215299,0.0002146792719517204,0
0.29000000000000015,0.19507169487666476,0.12661296041547285,0.9750114091216449,-3.8298623237327474e-05,0.4680549396215299,-0.0002146792719517204,0.19507169487666476,-0.17066156041547287,0.6856731381770488,3.8298623237327474e-05,0.4680549396215299,0.0002146792719517204,0
0.29500000000000015,0.19507169487666476,0.12661296041547285,0.98,-3.8298623237327474e-05,0.4680549396215299,-0.0002146792719517204,0.19507169487666476,-0.17066156041547287,0.6856731381770488,3.8298623237327474e-05,0.4680549396215299,0.0002146792719517204,0
0.30000000000000016,0.19958835006944947,0.1252102678398624,0.979074901392821,-3.475658352514268e-05,0.45071957169434596,-0.00020563505529227387,0.19507169487666476,-0.17066156041547287,0.6856731381770488,3.8298623237327474e-05,0.4680549396215299,0.0002146792719517204,0
0.30500000000000016,0.2041050052622342,0.12380757526425192,0.978149802785642,-3.141623451647079e-05,0.4333842037393727,-0.00019673239606207178,0.19507169487666476,-0.17066156041547287,0.6856731381770488,3.8298623237327474e-05,0.4680549396215299,0.0002146792719517204,0
0.31000000000000016,0.20862166045501893,0.12240488268864144,0.977224704178463,-2.827068728568218e-05,0.4160488357583991,-0.000187962564411416,0.19507169487666476,-0.17066156041547287,0.6856731381770488,3.8298623237327474e-05,0.4680549396215299,0.0002146792719517204,0
0.31500000000000017,0.21313831564780367,0.12100219011303098,0.9762996055712839,-2.5313543365271146e-05,0.39871346775312744,-0.000179317260858118,0.19507169487666476,-0.17066156041547287,0.6856731381770488,3.8298623237327474e-05,0.4680549396215299,0.0002146792719517204,0
0.3200000000000002,0.21765497084058838,0.11959949753742052,0.9753745069641049,-2.2538862552467243e-05,0.3813780997251819,-0.0001707885813378785,0.19507169487666476,-0.17066156041547287,0.6856731381770488,3.8298623237327474e-05,0.4680549396215299,0.0002146792719517204,0
0.3250000000000002,0.2221716260333731,0.11819680496181005,0.974449408356926,-1.99411336819467e-05,0.364042731676113,-0.0001623689850747837,0.19507169487666476,-0.17066156041547287,0.6856731381770488,3.8298623237327474e-05,0.4680549396215299,0.0002146792719517204,0
0.3300000000000002,0.2266882812261578,0.11679411238619956,0.9735243097497468,-1.7515248082482397e-05,0.34670736360740495,-0.00015405126498045597,0.19507169487666476,-0.17066156041547287,0.6856731381770488,3.8298623237327474e-05,0.4680549396215299,0.0002146792719517204,0
0.3350000000000002,0.23120493641894255,0.1153914198105891,0.9725992111425679,-1.5256475467746573e-05,0.3293719955204819,-0.0001458285203220989,0.19507169487666476,-0.17066156041547287,0.6856731381770488,3.8298623237327474e-05,0.4680549396215299,0.0002146792719517204,0
0.3400000000000002,0.2357215916117273,0.11398872723497865,0.9716741125353889,-1.3160442039918818e-05,0.31203662741671145,-0.00013769413142738097,0.19507169487666476,-0.17066156041547287,0.6856731381770488,3.8298623237327474e-05,0.4680549396215299,0.0002146792719517204,0
0.3450000000000002,0.240238246804512,0.11258603465936817,0.9707490139282099,-1.1223110609783747e-05,0.29470125929741076,-0.00012964173621833887,0.19507169487666476,-0.17066156041547287,0.6856731381770488,3.8298623237327474e-05,0.4680549396215299,0.0002146792719517204,0
0.3500000000000002,0.24475490199729671,0.1111833420837577,0.9698239153210308,-9.440762559100227e-06,0.2773658911638497,-0.00012166520838772002,0.19507169487666476,-0.17066156041547287,0.6856731381770488,3.8298623237327474e-05,0.4680549396215299,0.0002146792719517204,0
0.3550000000000002,0.24927155719008143,0.10978064950814724,0.9688988167138519,-7.809981490577959e-06,0.26003052301725615,-0.00011375863704980022,0.19507169487666476,-0.17066156041547287,0.6856731381770488,3.8298623237327474e-05,0.4680549396215299,0.0002146792719517204,0
0.3600000000000002,0.2537882123828662,0.10837795693253678,0.967973718106673,-6.327638428148301e-06,0.24269515485881987,-0.0001059163077140502,0.19507169487666476,-0.17066156041547287,0.6856731381770488,3.8298623237327474e-05,0.4680549396215299,0.0002146792719517204,0
0.3650000000000002,0.25830486757565085,0.10697526435692631,0.9670486194994938,-4.990878445660456e-06,0.22535978668969592,-9.813268444436416e-05,0.19507169487666476,-0.17066156041547287,0.6856731381770488,3.8298623237327474e-05,0.4680549396215299,0.0002146792719517204,0
0.3700000000000002,0.2628215227684356,0.10557257178131584,0.9661235208923149,-3.7971086159190588e-06,0.20802441851100717,-9.04023930791495e-05,0.19507169487666476,-0.17066156041547287,0.6856731381770488,3.8298623237327474e-05,0.4680549396215299,0.0002146792719517204,0
0.3750000000000002,0.26733817796122034,0.10416987920570538,0.9651984222851357,-2.7439871843296673e-06,0.19068905032384964,-8.27202053986185e-05,0.19507169487666476,-0.17066156041547287,0.6856731381770488,3.8298623237327474e-05,0.4680549396215299,0.0002146792719517204,0
0.3800000000000002,0.27185483315400505,0.1027671866300949,0.9642733236779568,-1.8294138825191168e-06,0.17335368212929292,-7.508102413530157e-05,0.19507169487666476,-0.17066156041547287,0.6856731381770488,3.8298623237327474e-05,0.4680549396215299,0.0002146792719517204,0
0.38500000000000023,0.27637148834678976,0.10136449405448444,0.9633482250707779,-1.0515213073183924e-06,0.1560183139283855,-6.747986873226878e-05,0.19507169487666476,-0.17066156041547287,0.6856731381770488,3.8298623237327474e-05,0.4680549396215299,0.0002146792719517204,0
0.39000000000000024,0.28088814353957453,0.09996180147887396,0.9624231264635987,-4.0866729957994913e-07,0.138682945722157,-5.991186176093646e-05,0.19507169487666476,-0.17066156041547287,0.6856731381770488,3.8298623237327474e-05,0.4680549396215299,0.0002146792719517204,0
0.39500000000000024,0.28540479873235924,0.0985591089032635,0.9614980278564198,1.0057173442374316e-07,0.12134757751161951,-5.237221591676157e-05,0.19507169487666476,-0.17066156041547287,0.6856731381770488,3.8298623237327474e-05,0.4680549396215299,0.0002146792719517204,0
0.40000000000000024,0.28992145392514396,0.09715641632765304,0.9605729292492408,4.774066086932204e-07,0.10401220929777266,-4.485622151668139e-05,0.19507169487666476,-0.17066156041547287,0.6856731381770488,3.8298623237327474e-05,0.4680549396215299,0.0002146792719517204,0
0.40500000000000025,0.29443810911792867,0.09575372375204258,0.9596478306420617,7.22840292975024e-07,0.086676841081603,-3.7359234426931046e-05,0.19507169487666476,-0.17066156041547287,0.6856731381770488,3.8298623237327474e-05,0.4680549396215299,0.0002146792719517204,0
0.41000000000000025,0.2989547643107134,0.09435103117643209,0.9587227320348828,8.376720342243075e-07,0.06934147286409043,-2.9876664353922315e-05,0.19507169487666476,-0.17066156041547287,0.6856731381770488,3.8298623237327474e-05,0.4680549396215299,0.0002146792719517204,0
0.41500000000000026,0.30347141950349815,0.09294833860082163,0.9577976334277037,8.22500694211513e-07,0.05200610464620614,-2.2403963434268686e-05,0.19507169487666476,-0.17066156041547287,0.6856731381770488,3.8298623237327474e-05,0.4680549396215299,0.0002146792719517204,0
0.42000000000000026,0.30798807469628287,0.09154564602521116,0.9568725348205247,6.777273277247629e-07,0.034670736428918714,-1.4936615062826803e-05,0.19507169487666476,-0.17066156041547287,0.6856731381770488,3.8298623237327474e-05,0.4680549396215299,0.0002146792719517204,0
0.42500000000000027,0.3125047298890676,0.0901429534496007,0.9559474362133458,4.035570203986046e-07,0.017335368213194036,-7.470122899846741e-06,0.19507169487666476,-0.17066156041547287,0.6856731381770488,3.8298623237327474e-05,0.4680549396215299,0.0002146792719517204,0
0.43000000000000027,0.3170213850818523,0.08874026087399023,0.9550223376061667,6.776263578034404e-21,0.0,0.0,0.19507169487666476,-0.17066156041547287,0.6856731381770488,3.8298623237327474e-05,0.4680549396215299,0.0002146792719517204,0
0.4350000000000003,0.31984395742264954,0.09151626280898698,0.9577800126956366,0.0,0.0,0.0,0.19507169487666476,-0.17066156041547287,0.6856731381770488,3.8298623237327474e-05,0.4680549396215299,0.0002146792719517204,0
0.4400000000000003,0.32266652976344673,0.09429226474398374,0.9605376877851067,0.0,0.0,0.0,0.19507169487666476,-0.17066156041547287,0.6856731381770488,3.8298623237327474e-05,0.4680549396215299,0.0002146792719517204,0
0.4450000000000003,0.325489102104244,0.09706826667898048,0.9632953628745766,0.0,0.0,0.0,0.19507169487666476,-0.17066156041547287,0.6856731381770488,3.8298623237327474e-05,0.4680549396215299,0.0002146792719517204,0
0.4500000000000003,0.32831167444504117,0.09984426861397723,0.9660530379640466,0.0,0.0,0.0,0.19507169487666476,-0.17066156041547287,0.6856731381770488,3.8298623237327474e-05,0.4680549396215299,0.0002146792719517204,0
0.4550000000000003,0.33113424678583836,0.10262027054897399,0.9688107130535166,0.0,0.0,0.0,0.19507169487666476,-0.17066156041547287,0.6856731381770488,3.8298623237327474e-05,0.4680549396215299,0.0002146792719517204,0
0.4600000000000003,0.3339568191266356,0.10539627248397074,0.9715683881429865,0.0,0.0,0.0,0.19507169487666476,-0.17066156041547287,0.6856731381770488,3.8298623237327474e-05,0.4680549396215299,0.0002146792719517204,0
0.4650000000000003,0.3343981013600721,0.10913931551294535,0.9729772731946211,0.0,0.0,0.0,0.19507169487666476,-0.17066156041547287,0.6856731381770488,3.8298623237327474e-05,0.4680549396215299,0.0002146792719517204,0
0.4700000000000003,0.3348393835935086,0.11288235854191997,0.9743861582462557,0.0,0.0,0.0,0.19507169487666476,-0.17066156041547287,0.6856731381770488,3.8298623237327474e-05,0.4680549396215299,0.0002146792719517204,0
0.4750000000000003,0.33448596689116505,0.11652112029308265,0.9774242456141273,0.0,0.0,0.0,0.19507169487666476,-0.17066156041547287,0.6856731381770488,3.8298623237327474e-05,0.4680549396215299,0.0002146792719517204,0
0.4800000000000003,0.33498705636605164,0.12026273387054309,0.9797431848175288,0.0,0.0,0.0,0.19507169487666476,-0.17066156041547287,0.6856731381770488,3.8298623237327474e-05,0.4680549396215299,0.0002146792719517204,0
0.4850000000000003,0.3361013457286721,0.12410496409367855,0.9803110291039643,0.0,0.0,0.0,0.19507169487666476,-0.17066156041547287,0.6856731381770488,3.8298623237327474e-05,0.4680549396215299,0.0002146792719517204,0
0.4900000000000003,0.336821319129156,0.12666804112652053,0.980733841238398,0.0,0.0,0.0,0.19507169487666476,-0.17066156041547287,0.6856731381770488,3.8298623237327474e-05,0.4680549396215299,0.0002146792719517204,0
0.49500000000000033,0.33733306691696296,0.1264246107795932,0.982386090162092,0.0,0.0,0.0,0.19507169487666476,-0.17066156041547287,0.6856731381770488,3.8298623237327474e-05,0.4680549396215299,0.0002146792719517204,0
0.5000000000000003,0.33797334500618886,0.12414396756883808,0.9832867609971622,0.0,0.0,0.0,0.19507169487666476,-0.17066156041547287,0.6856731381770488,3.8298623237327474e-05,0.4680549396215299,0.0002146792719517204,0
0.5050000000000003,0.338560883879996,0.12226960134843876,0.9821902775825522,0.0,0.0,0.0,0.19507169487666476,-0.17066156041547287,0.6856731381770488,3.8298623237327474e-05,0.4680549396215299,0.0002146792719517204,0
0.5100000000000003,0.3391647378264747,0.12118525642231205,0.9807344563829055,0.0,0.0,0.0,0.19507169487666476,-0.17066156041547287,0.6856731381770488,3.8298623237327474e-05,0.4680549396215299,0.0002146792719517204,0
0.5150000000000003,0.33962772398742164,0.12053795179397914,0.9799323748369374,0.0,0.0,0.0,0.19507169487666476,-0.17066156041547287,0.6856731381770488,3.8298623237327474e-05,0.4680549396215299,0.0002146792719517204,0
0.5200000000000004,0.3398695101299369,0.1202101070267703,0.9796764860745313,0.0,0.0,0.0,0.19507169487666476,-0.17066156041547287,0.6856731381770488,3.8298623237327474e-05,0.4680549396215299,0.0002146792719517204,0
0.5250000000000004,0.33997413024734674,0.12008046402183017,0.9796265006850422,0.0,0.0,0.0,0.19507169487666476,-0.17066156041547287,0.6856731381770488,3.8298623237327474e-05,0.4680549396215299,0.0002146792719517204,0
0.5300000000000004,0.3400201523162448,0.12003896825486728,0.9796252029851278,0.0,0.0,0.0,0.19507169487666476,-0.17066156041547287,0.6856731381770488,3.8298623237327474e-05,0.4680549396215299,0.0002146792719517204,0
0.5350000000000004,0.3401504227032676,0.11990855240960006,0.9748219824815552,0.0,0.0,0.0,0.19507169487666476,-0.17066156041547287,0.6856731381770488,3.8298623237327474e-05,0.4680549396215299,0.0002146792719517204,0
0.5400000000000004,0.3402806930902905,0.11977813656433288,0.9700187619779828,0.0,0.0,0.0,0.19507169487666476,-0.17066156041547287,0.6856731381770488,3.8298623237327474e-05,0.4680549396215299,0.0002146792719517204,0
0.5450000000000004,0.34041096347731337,0.11964772071906567,0.9652155414744101,0.0,0.0,0.0,0.19507169487666476,-0.17066156041547287,0.6856731381770488,3.8298623237327474e-05,0.4680549396215299,0.0002146792719517204,0
0.5500000000000004,0.34054123386433627,0.11951730487379847,0.9604123209708376,0.0,0.0,0.0,0.19507169487666476,-0.17066156041547287,0.6856731381770488,3.8298623237327474e-05,0.4680549396215299,0.0002146792719517204,0
0.5550000000000004,0.3406715042513591,0.11938688902853127,0.9556091004672651,0.0,0.0,0.0,0.19507169487666476,-0.17066156041547287,0.6856731381770488,3.8298623237327474e-05,0.4680549396215299,0.0002146792719517204,0
0.5600000000000004,0.34080177463838196,0.11925647318326406,0.9508058799636925,0.0,0.0,0.0,0.19507169487666476,-0.17066156041547287,0.6856731381770488,3.8298623237327474e-05,0.4680549396215299,0.0002146792719517204,0
0.5650000000000004,0.34093204502540486,0.11912605733799686,0.9460026594601201,0.0,0.0,0.0,0.19507169487666476,-0.17066156041547287,0.6856731381770488,3.8298623237327474e-05,0.4680549396215299,0.0002146792719517204,0
0.5700000000000004,0.3410623154124277,0.11899564149272968,0.9411994389565473,0.0,0.0,0.0,0.19507169487666476,-0.17066156041547287,0.6856731381770488,3.8298623237327474e-05,0.4680549396215299,0.0002146792719517204,0
0.5750000000000004,0.3411925857994506,0.11886522564746246,0.9363962184529748,0.0,0.0,0.0,0.19507169487666476,-0.17066156041547287,0.6856731381770488,3.8298623237327474e-05,0.4680549396215299,0.0002146792719517204,0
0.5800000000000004,0.34132285618647346,0.11873480980219527,0.9315929979494023,0.0,0.0,0.0,0.19507169487666476,-0.17066156041547287,0.6856731381770488,3.8298623237327474e-05,0.4680549396215299,0.0002146792719517204,0
0.5850000000000004,0.34145312657349636,0.11860439395692807,0.9267897774458298,0.0,0.0,0.0,0.19507169487666476,-0.17066156041547287,0.6856731381770488,3.8298623237327474e-05,0.4680549396215299,0.0002146792719517204,0
0.5900000000000004,0.3415833969605192,0.11847397811166085,0.9219865569422572,0.0,0.0,0.0,0.19507169487666476,-0.17066156041547287,0.6856731381770488,3.8298623237327474e-05,0.4680549396215299,0.0002146792719517204,0
0.5950000000000004,0.34171366734754205,0.11834356226639367,0.9171833364386848,0.0,0.0,0.0,0.19507169487666476,-0.17066156041547287,0.6856731381770488,3.8298623237327474e-05,0.4680549396215299,0.0002146792719517204,0
0.6000000000000004,0.3418439377345649,0.11821314642112646,0.9123801159351121,0.0,0.0,0.0,0.19507169487666476,-0.17066156041547287,0.6856731381770488,3.8298623237327474e-05,0.4680549396215299,0.0002146792719517204,0
0.6050000000000004,0.3419742081215878,0.11808273057585926,0.9075768954315395,0.0,0.0,0.0,0.19507169487666476,-0.17066156041547287,0.6856731381770488,3.8298623237327474e-05,0.4680549396215299,0.0002146792719517204,0
0.6100000000000004,0.34210447850861064,0.11795231473059206,0.902773674927967,0.0,0.0,0.0,0.19507169487666476,-0.17066156041547287,0.6856731381770488,3.8298623237327474e-05,0.4680549396215299,0.0002146792719517204,0
0.6150000000000004,0.34223474889563354,0.11782189888532486,0.8979704544243945,0.0,0.0,0.0,0.19507169487666476,-0.17066156041547287,0.6856731381770488,3.8298623237327474e-05,0.4680549396215299,0.0002146792719517204,0
0.6200000000000004,0.34236501928265645,0.11769148304005765,0.8931672339208219,0.0,0.0,0.0,0.19507169487666476,-0.17066156041547287,0.6856731381770488,3.8298623237327474e-05,0.4680549396215299,0.0002146792719517204,0
0.6250000000000004,0.34249528966967924,0.11756106719479047,0.8883640134172494,0.0,0.0,0.0,0.19507169487666476,-0.17066156041547287,0.6856731381770488,3.8298623237327474e-05,0.4680549396215299,0.0002146792719517204,0
0.6300000000000004,0.34262556005670214,0.11743065134952325,0.8835607929136768,0.0,0.0,0.0,0.19507169487666476,-0.17066156041547287,0.6856731381770488,3.8298623237327474e-05,0.4680549396215299,0.0002146792719517204,0
0.6350000000000005,0.34090025618723585,0.12001064177106545,0.8819691152805598,0.0,0.0,0.0,0.19507169487666476,-0.17066156041547287,0.6856731381770488,3.8298623237327474e-05,0.4680549396215299,0.0002146792719517204,0
0.6400000000000005,0.3391749523177695,0.12259063219260764,0.8803774376474428,0.0,0.0,0.0,0.19507169487666476,-0.17066156041547287,0.6856731381770488,3.8298623237327474e-05,0.4680549396215299,0.0002146792719517204,0
0.6450000000000005,0.3399083160447642,0.1227630749774619,0.8810659677975573,0.0,0.0,0.0,0.19507169487666476,-0.17066156041547287,0.6856731381770488,3.8298623237327474e-05,0.4680549396215299,0.0002146792719517204,0
0.6500000000000005,0.34003358599793587,0.12107461065256891,0.8797177349262489,0.0,0.0,0.0,0.19507169487666476,-0.17066156041547287,0.6856731381770488,3.8298623237327474e-05,0.4680549396215299,0.0002146792719517204,0
0.6550000000000005,0.3400687999427345,0.12037038433419407,0.8795744956179274,0.0,0.0,0.0,0.19507169487666476,-0.17066156041547287,0.6856731381770488,3.8298623237327474e-05,0.4680549396215299,0.0002146792719517204,0
0.6600000000000005,0.3400714184453672,0.12010249501654391,0.8795524713343763,0.0,0.0,0.0,0.19507169487666476,-0.17066156041547287,0.6856731381770488,3.8298623237327474e-05,0.4680549396215299,0.0002146792719517204,0
0.6650000000000005,0.340070314556216,0.1200031055383623,0.8795481436404994,0.0,0.0,0.0,0.19507169487666476,-0.17066156041547287,0.6856731381770488,3.8298623237327474e-05,0.4680549396215299,0.0002146792719517204,0
0.6700000000000005,0.34006917618715665,0.11996627320293596,0.8795471165424886,0.0,0.0,0.0,0.19507169487666476,-0.17066156041547287,0.6856731381770488,3.8298623237327474e-05,0.4680549396215299,0.0002146792719517204,0
0.6750000000000005,0.3400682653152602,0.11995254175456956,0.8795470177669354,0.0,0.0,0.0,0.19507169487666476,-0.17066156041547287,0.6856731381770488,3.8298623237327474e-05,0.4680549396215299,0.0002146792719517204,0
0.6800000000000005,0.34006759200393805,0.11994734779578023,0.879547119608426,0.0,0.0,0.0,0.19507169487666476,-0.17066156041547287,0.6856731381770488,3.8298623237327474e-05,0.4680549396215299,0.0002146792719517204,0
0.6850000000000005,0.3400670320458322,0.11994532217269993,0.879547286617343,0.0,0.0,0.0,0.19507169487666476,-0.17066156041547287,0.6856731381770488,3.8298623237327474e-05,0.4680549396215299,0.0002146792719517204,0
0.6900000000000005,0.3400666633377071,0.1199444825264517,0.8795473766838653,0.0,0.0,0.0,0.19507169487666476,-0.17066156041547287,0.6856731381770488,3.8298623237327474e-05,0.4680549396215299,0.0002146792719517204,0
0.6950000000000005,0.3400663652841213,0.11994410822992357,0.8795474747865112,0.0,0.0,0.0,0.19507169487666476,-0.17066156041547287,0.6856731381770488,3.8298623237327474e-05,0.4680549396215299,0.0002146792719517204,0
0.7000000000000005,0.3400661993939455,0.11994391650274547,0.8795475390346311,0.0,0.0,0.0,0.19507169487666476,-0.17066156041547287,0.6856731381770488,3.8298623237327474e-05,0.4680549396215299,0.0002146792719517204,0
0.7050000000000005,0.340066056455478,0.11994381746635914,0.8795475215321352,0.0,0.0,0.0,0.19507169487666476,-0.17066156041547287,0.6856731381770488,3.8298623237327474e-05,0.4680549396215299,0.0002146792719517204,0
0.7100000000000005,0.3393533446089448,0.12006338501934345,0.8798994800137065,0.0,0.0,0.0,0.19507169487666476,-0.17066156041547287,0.6856731381770488,3.8298623237327474e-05,0.4680549396215299,0.0002146792719517204,1
0.7150000000000005,0.3395025118986453,0.11991830127833039,0.8795260861476233,0.0,0.0,0.0,0.19507169487666476,-0.17066156041547287,0.6856731381770488,3.8298623237327474e-05,0.4680549396215299,0.0002146792719517204,1
0.7200000000000005,0.3396385018890328,0.11978801094894619,0.87953130849143,0.0,0.0,0.0,0.19507169487666476,-0.17066156041547287,0.6856731381770488,3.8298623237327474e-05,0.4680549396215299,0.0002146792719517204,1
0.7250000000000005,0.3397660442605726,0.11966309844161548,0.8795280366440468,0.0,0.0,0.0,0.19507169487666476,-0.17066156041547287,0.6856731381770488,3.8298623237327474e-05,0.4680549396215299,0.0002146792719517204,1
0.7300000000000005,0.33988596774280083,0.11954346774028955,0.8795251823216045,0.0,0.0,0.0,0.19507169487666476,-0.17066156041547287,0.6856731381770488,3.8298623237327474e-05,0.4680549396215299,0.0002146792719517204,1
0.7350000000000005,0.3399988362274476,0.11942890409994328,0.8795224435930298,0.0,0.0,0.0,0.19507169487666476,-0.17066156041547287,0.6856731381770488,3.8298623237327474e-05,0.4680549396215299,0.0002146792719517204,1
0.7400000000000005,0.34010514708591577,0.11931916108041954,0.8795198203886558,0.0,0.0,0.0,0.19507169487666476,-0.17066156041547287,0.6856731381770488,3.8298623237327474e-05,0.4680549396215299,0.0002146792719517204,1
0.7450000000000006,0.34020537438946236,0.11921404297862286,0.8795173723411587,0.0,0.0,0.0,0.19507169487666476,-0.17066156041547287,0.6856731381770488,3.8298623237327474e-05,0.4680549396215299,0.0002146792719517204,1
0.7500000000000006,0.34029988851550214,0.11911334580946929,0.8795149806621081,0.0,0.0,0.0,0.19507169487666476,-0.17066156041547287,0.6856731381770488,3.8298623237327474e-05,0.4680549396215299,0.0002146792719517204,1
0.7550000000000006,0.3403890661426979,0.11901688106535004,0.879512764640214,0.0,0.0,0.0,0.19507169487666476,-0.17066156041547287,0.6856731381770488,3.8298623237327474e-05,0.4680549396215299,0.0002146792719517204,1
0.7600000000000006,0.34047319927645714,0.11892446093970865,0.8795106650915959,0.0,0.0,0.0,0.19507169487666476,-0.17066156041547287,0.6856731381770488,3.8298623237327474e-05,0.4680549396215299,0.0002146792719517204,1
0.7650000000000006,0.34055264058900386,0.11883592789185174,0.8795086226674396,0.0,0.0,0.0,0.19507169487666476,-0.17066156041547287,0.6856731381770488,3.8298623237327474e-05,0.4680549396215299,0.0002146792719517204,1
0.7700000000000006,0.340627655832191,0.1187510875114005,0.8795066971043222,0.0,0.0,0.0,0.19507169487666476,-0.17066156041547287,0.6856731381770488,3.8298623237327474e-05,0.4680549396215299,0.0002146792719517204,1
0.7750000000000006,0.34069848177488793,0.1186697827776282,0.8795048290759186,0.0,0.0,0.0,0.19507169487666476,-0.17066156041547287,0.6856731381770488,3.8298623237327474e-05,0.4680549396215299,0.0002146792719517204,1
0.7800000000000006,0.34076538485590624,0.11859185683630263,0.8795030782057371,0.0,0.0,0.0,0.19507169487666476,-0.17066156041547287,0.6856731381770488,3.8298623237327474e-05,0.4680549396215299,0.0002146792719517204,1
0.7850000000000006,0.34078624577103905,0.11841903418710036,0.884343988512495,0.0,0.0,0.0,0.19507169487666476,-0.17066156041547287,0.6856731381770488,3.8298623237327474e-05,0.4680549396215299,0.0002146792719517204,1
0.7900000000000006,0.340807106686172,0.11824621153789809,0.8891848988192531,0.0,0.0,0.0,0.19507169487666476,-0.17066156041547287,0.6856731381770488,3.8298623237327474e-05,0.4680549396215299,0.0002146792719517204,1
0.7950000000000006,0.3408279676013048,0.11807338888869581,0.8940258091260109,0.0,0.0,0.0,0.19507169487666476,-0.17066156041547287,0.6856731381770488,3.8298623237327474e-05,0.4680549396215299,0.0002146792719517204,1
0.8000000000000006,0.34084882851643766,0.11790056623949356,0.8988667194327691,0.0,0.0,0.0,0.19507169487666476,-0.17066156041547287,0.6856731381770488,3.8298623237327474e-05,0.4680549396215299,0.0002146792719517204,1
0.8050000000000006,0.3408696894315705,0.11772774359029127,0.9037076297395269,0.0,0.0,0.0,0.19507169487666476,-0.17066156041547287,0.6856731381770488,3.8298623237327474e-05,0.4680549396215299,0.0002146792719517204,1
0.8100000000000006,0.34089055034670335,0.11755492094108899,0.9085485400462847,0.0,0.0,0.0,0.19507169487666476,-0.17066156041547287,0.6856731381770488,3.8298623237327474e-05,0.4680549396215299,0.0002146792719517204,1
0.8150000000000006,0.3409114112618362,0.11738209829188673,0.9133894503530429,0.0,0.0,0.0,0.19507169487666476,-0.17066156041547287,0.6856731381770488,3.8298623237327474e-05,0.4680549396215299,0.0002146792719517204,1
0.8200000000000006,0.34093227217696903,0.11720927564268446,0.9182303606598008,0.0,0.0,0.0,0.19507169487666476,-0.17066156041547287,0.6856731381770488,3.8298623237327474e-05,0.4680549396215299,0.0002146792719517204,1
0.8250000000000006,0.34095313309210196,0.1170364529934822,0.9230712709665587,0.0,0.0,0.0,0.19507169487666476,-0.17066156041547287,0.6856731381770488,3.8298623237327474e-05,0.4680549396215299,0.0002146792719517204,1
0.8300000000000006,0.3409739940072347,0.1168636303442799,0.9279121812733166,0.0,0.0,0.0,0.19507169487666476,-0.17066156041547287,0.6856731381770488,3.8298623237327474e-05,0.4680549396215299,0.0002146792719517204,1
0.8350000000000006,0.3409948549223676,0.11669080769507764,0.9327530915800746,0.0,0.0,0.0,0.19507169487666476,-0.17066156041547287,0.6856731381770488,3.8298623237327474e-05,0.4680549396215299,0.0002146792719517204,1
0.8400000000000006,0.34101571583750045,0.11651798504587538,0.9375940018868326,0.0,0.0,0.0,0.19507169487666476,-0.17066156041547287,0.6856731381770488,3.8298623237327474e-05,0.4680549396215299,0.0002146792719517204,1
0.8450000000000006,0.3410365767526333,0.1163451623966731,0.9424349121935904,0.0,0.0,0.0,0.19507169487666476,-0.17066156041547287,0.6856731381770488,3.8298623237327474e-05,0.4680549396215299,0.0002146792719517204,1
0.8500000000000006,0.34105743766776614,0.11617233974747082,0.9472758225003484,0.0,0.0,0.0,0.19507169487666476,-0.17066156041547287,0.6856731381770488,3.8298623237327474e-05,0.4680549396215299,0.0002146792719517204,1
0.8550000000000006,0.341078298582899,0.11599951709826856,0.9521167328071064,0.0,0.0,0.0,0.19507169487666476,-0.17066156041547287,0.6856731381770488,3.8298623237327474e-05,0.4680549396215299,0.0002146792719517204,1
0.8600000000000007,0.3410991594980318,0.11582669444906629,0.9569576431138644,0.0,0.0,0.0,0.19507169487666476,-0.17066156041547287,0.6856731381770488,3.8298623237327474e-05,0.4680549396215299,0.0002146792719517204,1
0.8650000000000007,0.3411200204131647,0.11565387179986401,0.9617985534206224,0.0,0.0,0.0,0.19507169487666476,-0.17066156041547287,0.6856731381770488,3.8298623237327474e-05,0.4680549396215299,0.0002146792719517204,1
0.8700000000000007,0.34114088132829756,0.11548104915066174,0.9666394637273802,0.0,0.0,0.0,0.19507169487666476,-0.17066156041547287,0.6856731381770488,3.8298623237327474e-05,0.4680549396215299,0.0002146792719517204,1
0.8750000000000007,0.3411617422434304,0.11530822650145947,0.9714803740341382,0.0,0.0,0.0,0.19507169487666476,-0.17066156041547287,0.6856731381770488,3.8298623237327474e-05,0.4680549396215299,0.0002146792719517204,1
0.8800000000000007,0.34118260315856325,0.11513540385225719,0.9763212843408962,0.0,0.0,0.0,0.19507169487666476,-0.17066156041547287,0.6856731381770488,3.8298623237327474e-05,0.4680549396215299,0.0002146792719517204,1
0.8850000000000007,0.339142989693986,0.11718596577381864,0.9802592783851903,0.0,0.0,0.0,0.19507169487666476,-0.17066156041547287,0.6856731381770488,3.8298623237327474e-05,0.4680549396215299,0.0002146792719517204,1
0.8900000000000007,0.33900138398701146,0.11944002233043176,0.9797567140204997,0.0,0.0,0.0,0.19507169487666476,-0.17066156041547287,0.6856731381770488,3.8298623237327474e-05,0.4680549396215299,0.0002146792719517204,1
0.8950000000000007,0.33910318349086627,0.11967461099687916,0.979778340198564,0.0,0.0,0.0,0.19507169487666476,-0.17066156041547287,0.6856731381770488,3.8298623237327474e-05,0.4680549396215299,0.0002146792719517204,1
0.9000000000000007,0.33926391297219677,0.1195962080776203,0.9796181751626634,0.0,0.0,0.0,0.19507169487666476,-0.17066156041547287,0.6856731381770488,3.8298623237327474e-05,0.4680549396215299,0.0002146792719517204,1
0.9050000000000007,0.3394432362149798,0.11950402291539611,0.9795988864945955,0.0,0.0,0.0,0.19507169487666476,-0.17066156041547287,0.6856731381770488,3.8298623237327474e-05,0.4680549396215299,0.0002146792719517204,1
0.9100000000000007,0.3396252923476648,0.1194193381495119,0.9795993769566333,0.0,0.0,0.0,0.19507169487666476,-0.17066156041547287,0.6856731381770488,3.8298623237327474e-05,0.4680549396215299,0.0002146792719517204,1
0.9150000000000007,0.3398024552648367,0.11934256038622848,0.9796005843628736,0.0,0.0,0.0,0.19507169487666476,-0.17066156041547287,0.6856731381770488,3.8298623237327474e-05,0.4680549396215299,0.0002146792719517204,1
0.9200000000000007,0.33997122833994187,0.1192727402832353,0.9796010925385383,0.0,0.0,0.0,0.19507169487666476,-0.17066156041547287,0.6856731381770488,3.8298623237327474e-05,0.4680549396215299,0.0002146792719517204,1
0.9250000000000007,0.3401301021593816,0.11920903918518005,0.9796010066716238,0.0,0.0,0.0,0.19507169487666476,-0.17066156041547287,0.6856731381770488,3.8298623237327474e-05,0.4680549396215299,0.0002146792719517204,1
0.9300000000000007,0.34027854241138145,0.11915075143953535,0.9796005998614783,0.0,0.0,0.0,0.19507169487666476,-0.17066156041547287,0.6856731381770488,3.8298623237327474e-05,0.4680549396215299,0.0002146792719517204,1
0.9350000000000007,0.34041656584481333,0.11909728789976134,0.9796000201501474,0.0,0.0,0.0,0.19507169487666476,-0.17066156041547287,0.6856731381770488,3.8298623237327474e-05,0.4680549396215299,0.0002146792719517204,1
0.9400000000000007,0.34054452826801856,0.11904818699243155,0.9795993043023579,0.0,0.0,0.0,0.19507169487666476,-0.17066156041547287,0.6856731381770488,3.8298623237327474e-05,0.4680549396215299,0.0002146792719517204,1
0.9450000000000007,0.34066288275451584,0.11900303336676962,0.9795985744341228,0.0,0.0,0.0,0.19507169487666476,-0.17066156041547287,0.6856731381770488,3.8298623237327474e-05,0.4680549396215299,0.0002146792719517204,1
0.9500000000000007,0.34077222363776877,0.11896148781934726,0.9795978114624612,0.0,0.0,0.0,0.19507169487666476,-0.17066156041547287,0.6856731381770488,3.8298623237327474e-05,0.4680549396215299,0.0002146792719517204,1
0.9550000000000007,0.34323942773978033,0.12315970741173062,0.9792530224873008,0.0,0.0,0.0,0.19507169487666476,-0.17066156041547287,0.6856731381770488,3.8298623237327474e-05,0.4680549396215299,0.0002146792719517204,1
0.9600000000000007,0.34570663184179184,0.127357927004114,0.9789082335121405,0.0,0.0,0.0,0.19507169487666476,-0.17066156041547287,0.6856731381770488,3.8298623237327474e-05,0.4680549396215299,0.0002146792719517204,1
0.9650000000000007,0.34817383594380347,0.13155614659649734,0.9785634445369802,0.0,0.0,0.0,0.19507169487666476,-0.17066156041547287,0.6856731381770488,3.8298623237327474e-05,0.4680549396215299,0.0002146792719517204,1
0.9700000000000008,0.3506410400458151,0.13575436618888073,0.9782186555618199,0.0,0.0,0.0,0.19507169487666476,-0.17066156041547287,0.6856731381770488,3.8298623237327474e-05,0.4680549396215299,0.0002146792719517204,1
0.9750000000000008,0.35310824414782666,0.13995258578126407,0.9778738665866595,0.0,0.0,0.0,0.19507169487666476,-0.17066156041547287,0.6856731381770488,3.8298623237327474e-05,0.4680549396215299,0.0002146792719517204,1
0.9800000000000008,0.3555754482498382,0.14415080537364744,0.9775290776114993,0.0,0.0,0.0,0.19507169487666476,-0.17066156041547287,0.6856731381770488,3.8298623237327474e-05,0.4680549396215299,0.0002146792719517204,1
0.9850000000000008,0.3580426523518498,0.1483490249660308,0.977184288636339,0.0,0.0,0.0,0.19507169487666476,-0.17066156041547287,0.6856731381770488,3.8298623237327474e-05,0.4680549396215299,0.0002146792719517204,1
0.9900000000000008,0.36050985645386135,0.15254724455841417,0.9768394996611787,0.0,0.0,0.0,0.19507169487666476,-0.17066156041547287,0.6856731381770488,3.8298623237327474e-05,0.4680549396215299,0.0002146792719517204,1
0.9950000000000008,0.3629770605558729,0.15674546415079754,0.9764947106860182,0.0,0.0,0.0,0.19507169487666476,-0.17066156041547287,0.6856731381770488,3.8298623237327474e-05,0.4680549396215299,0.0002146792719517204,1
1.0000000000000007,0.3654442646578845,0.1609436837431809,0.976149921710858,0.0,0.0,0.0,0.19507169487666476,-0.17066156041547287,0.6856731381770488,3.8298623237327474e-05,0.4680549396215299,0.0002146792719517204,1
1.0050000000000006,0.3679114687598961,0.16514190333556428,0.9758051327356976,0.0,0.0,0.0,0.19507169487666476,-0.17066156041547287,0.6856731381770488,3.8298623237327474e-05,0.4680549396215299,0.0002146792719517204,1
1.0100000000000005,0.3703786728619076,0.16934012292794762,0.9754603437605374,0.0,0.0,0.0,0.19507169487666476,-0.17066156041547287,0.6856731381770488,3.8298623237327474e-05,0.4680549396215299,0.0002146792719517204,1
1.0150000000000003,0.3728458769639192,0.173538342520331,0.9751155547853769,0.0,0.0,0.0,0.19507169487666476,-0.17066156041547287,0.6856731381770488,3.8298623237327474e-05,0.4680549396215299,0.0002146792719517204,1
1.0200000000000002,0.37531308106593075,0.17773656211271438,0.9747707658102166,0.0,0.0,0.0,0.19507169487666476,-0.17066156041547287,0.6856731381770488,3.8298623237327474e-05,0.4680549396215299,0.0002146792719517204,1
1.0250000000000001,0.3777802851679424,0.18193478170509772,0.9744259768350563,0.0,0.0,0.0,0.19507169487666476,-0.17066156041547287,0.6856731381770488,3.8298623237327474e-05,0.4680549396215299,0.0002146792719517204,1
1.03,0.3802474892699539,0.18613300129748112,0.974081187859896,0.0,0.0,0.0,0.19507169487666476,-0.17066156041547287,0.6856731381770488,3.8298623237327474e-05,0.4680549396215299,0.0002146792719517204,1
1.035,0.3827146933719655,0.19033122088986446,0.9737363988847356,0.0,0.0,0.0,0.19507169487666476,-0.17066156041547287,0.6856731381770488,3.8298623237327474e-05,0.4680549396215299,0.0002146792719517204,1
1.0399999999999998,0.3851818974739771,0.19452944048224782,0.9733916099095753,0.0,0.0,0.0,0.19507169487666476,-0.17066156041547287,0.6856731381770488,3.8298623237327474e-05,0.4680549396215299,0.0002146792719517204,1
1.0449999999999997,0.3842243007201429,0.19709235670335098,0.97624682061056,0.0,0.0,0.0,0.19507169487666476,-0.17066156041547287,0.6856731381770488,3.8298623237327474e-05,0.4680549396215299,0.0002146792719517204,1
1.0499999999999996,0.3832667039663088,0.19965527292445412,0.9791020313115446,0.0,0.0,0.0,0.19507169487666476,-0.17066156041547287,0.6856731381770488,3.8298623237327474e-05,0.4680549396215299,0.0002146792719517204,1
1.0549999999999995,0.38230910721247463,0.2022181891455573,0.9819572420125291,0.0,0.0,0.0,0.19507169487666476,-0.17066156041547287,0.6856731381770488,3.8298623237327474e-05,0.4680549396215299,0.0002146792719517204,1
1.0599999999999994,0.38468990467058184,0.20114284502753257,0.9799404895754316,0.0,0.0,0.0,0.19507169487666476,-0.17066156041547287,0.6856731381770488,3.8298623237327474e-05,0.4680549396215299,0.0002146792719517204,1
1.0649999999999993,0.387070702128689,0.20006750090950784,0.9779237371383339,0.0,0.0,0.0,0.19507169487666476,-0.17066156041547287,0.6856731381770488,3.8298623237327474e-05,0.4680549396215299,0.0002146792719517204,1
1.0699999999999992,0.3872300804909969,0.19926240000792683,0.9765291774771578,0.0,0.0,0.0,0.19507169487666476,-0.17066156041547287,0.6856731381770488,3.8298623237327474e-05,0.4680549396215299,0.0002146792719517204,1
1.074999999999999,0.38888547591311506,0.19990029116715893,0.978628502715849,0.0,0.0,0.0,0.19507169487666476,-0.17066156041547287,0.6856731381770488,3.8298623237327474e-05,0.4680549396215299,0.0002146792719517204,1
1.079999999999999,0.3891386041836288,0.2000420223386882,0.9791832260181503,0.0,0.0,0.0,0.19507169487666476,-0.17066156041547287,0.6856731381770488,3.8298623237327474e-05,0.4680549396215299,0.0002146792719517204,1
1.0849999999999989,0.3892176020301056,0.20005243236996473,0.979425600609748,0.0,0.0,0.0,0.19507169487666476,-0.17066156041547287,0.6856731381770488,3.8298623237327474e-05,0.4680549396215299,0.0002146792719517204,1
1.0899999999999987,0.3892344162687738,0.2000204760594575,0.9794495283589754,0.0,0.0,0.0,0.19507169487666476,-0.17066156041547287,0.6856731381770488,3.8298623237327474e-05,0.4680549396215299,0.0002146792719517204,1
1.0949999999999986,0.3892407095585945,0.2000111450700246,0.9794613954165146,0.0,0.0,0.0,0.19507169487666476,-0.17066156041547287,0.6856731381770488,3.8298623237327474e-05,0.4680549396215299,0.0002146792719517204,1
1.0999999999999985,0.3892430050408045,0.20000815839737435,0.9794654292846714,0.0,0.0,0.0,0.19507169487666476,-0.17066156041547287,0.6856731381770488,3.8298623237327474e-05,0.4680549396215299,0.0002146792719517204,1
1.1049999999999984,0.38924388918688513,0.20000728432682224,0.9794669824710746,0.0,0.0,0.0,0.19507169487666476,-0.17066156041547287,0.6856731381770488,3.8298623237327474e-05,0.4680549396215299,0.0002146792719517204,1
1.1099999999999983,0.38924424158705745,0.2000070598545512,0.9794675532883368,0.0,0.0,0.0,0.19507169487666476,-0.17066156041547287,0.6856731381770488,3.8298623237327474e-05,0.4680549396215299,0.0002146792719517204,1
1.1149999999999982,0.3892443913506459,0.2000070464859126,0.9794677418476534,0.0,0.0,0.0,0.19507169487666476,-0.17066156041547287,0.6856731381770488,3.8298623237327474e-05,0.4680549396215299,0.0002146792719517204,1
1.119999999999998,0.389244459408389,0.20000706973965146,0.979467844821854,0.0,0.0,0.0,0.19507169487666476,-0.17066156041547287,0.6856731381770488,3.8298623237327474e-05,0.4680549396215299,0.0002146792719517204,1
1.124999999999998,0.38924449281220697,0.20000707922840688,0.9794678905245535,0.0,0.0,0.0,0.19507169487666476,-0.17066156041547287,0.6856731381770488,3.8298623237327474e-05,0.4680549396215299,0.0002146792719517204,1
1.129999999999998,0.3894271467399309,0.1999555820585226,0.9746397015527017,0.0,0.0,0.0,0.19507169487666476,-0.17066156041547287,0.6856731381770488,3.8298623237327474e-05,0.4680549396215299,0.0002146792719517204,1
1.1349999999999978,0.3896098006676548,0.19990408488863834,0.96981151258085,0.0,0.0,0.0,0.19507169487666476,-0.17066156041547287,0.6856731381770488,3.8298623237327474e-05,0.4680549396215299,0.0002146792719517204,1
1.1399999999999977,0.38979245459537876,0.19985258771875403,0.9649833236089982,0.0,0.0,0.0,0.19507169487666476,-0.17066156041547287,0.6856731381770488,3.8298623237327474e-05,0.4680549396215299,0.0002146792719517204,1
1.1449999999999976,0.3899751085231027,0.19980109054886977,0.9601551346371464,0.0,0.0,0.0,0.19507169487666476,-0.17066156041547287,0.6856731381770488,3.8298623237327474e-05,0.4680549396215299,0.0002146792719517204,1
1.1499999999999975,0.3901577624508266,0.19974959337898546,0.9553269456652946,0.0,0.0,0.0,0.19507169487666476,-0.17066156041547287,0.6856731381770488,3.8298623237327474e-05,0.4680549396215299,0.0002146792719517204,1
1.1549999999999974,0.39034041637855055,0.19969809620910117,0.9504987566934429,0.0,0.0,0.0,0.19507169487666476,-0.17066156041547287,0.6856731381770488,3.8298623237327474e-05,0.4680549396215299,0.0002146792719517204,1
1.1599999999999973,0.3905230703062745,0.19964659903921692,0.9456705677215911,0.0,0.0,0.0,0.19507169487666476,-0.17066156041547287,0.6856731381770488,3.8298623237327474e-05,0.4680549396215299,0.0002146792719517204,1
1.1649999999999971,0.3907057242339984,0.19959510186933263,0.9408423787497393,0.0,0.0,0.0,0.19507169487666476,-0.17066156041547287,0.6856731381770488,3.8298623237327474e-05,0.4680549396215299,0.0002146792719517204,1
1.169999999999997,0.3908883781617224,0.19954360469944835,0.9360141897778875,0.0,0.0,0.0,0.19507169487666476,-0.17066156041547287,0.6856731381770488,3.8298623237327474e-05,0.4680549396215299,0.0002146792719517204,1
1.174999999999997,0.39107103208944627,0.19949210752956406,0.9311860008060358,0.0,0.0,0.0,0.19507169487666476,-0.17066156041547287,0.6856731381770488,3.8298623237327474e-05,0.4680549396215299,0.0002146792719517204,1
1.1799999999999968,0.3912536860171702,0.19944061035967978,0.926357811834184,0.0,0.0,0.0,0.19507169487666476,-0.17066156041547287,0.6856731381770488,3.8298623237327474e-05,0.4680549396215299,0.0002146792719517204,1
1.1849999999999967,0.39143633994489413,0.1993891131897955,0.9215296228623322,0.0,0.0,0.0,0.19507169487666476,-0.17066156041547287,0.6856731381770488,3.8298623237327474e-05,0.4680549396215299,0.0002146792719517204,1
1.1899999999999966,0.39161899387261806,0.19933761601991123,0.9167014338904804,0.0,0.0,0.0,0.19507169487666476,-0.17066156041547287,0.6856731381770488,3.8298623237327474e-05,0.4680549396215299,0.0002146792719517204,1
1.1949999999999965,0.391801647800342,0.19928611885002692,0.9118732449186286,0.0,0.0,0.0,0.19507169487666476,-0.17066156041547287,0.6856731381770488,3.8298623237327474e-05,0.4680549396215299,0.0002146792719517204,1
1.1999999999999964,0.3919843017280659,0.19923462168014264,0.9070450559467769,0.0,0.0,0.0,0.19507169487666476,-0.17066156041547287,0.6856731381770488,3.8298623237327474e-05,0.4680549396215299,0.0002146792719517204,1
1.2049999999999963,0.39216695565578985,0.19918312451025838,0.9022168669749251,0.0,0.0,0.0,0.19507169487666476,-0.17066156041547287,0.6856731381770488,3.8298623237327474e-05,0.4680549396215299,0.0002146792719517204,1
1.2099999999999962,0.3923496095835138,0.1991316273403741,0.8973886780030733,0.0,0.0,0.0,0.19507169487666476,-0.17066156041547287,0.6856731381770488,3.8298623237327474e-05,0.4680549396215299,0.0002146792719517204,1
1.214999999999996,0.3925322635112377,0.1990801301704898,0.8925604890312215,0.0,0.0,0.0,0.19507169487666476,-0.17066156041547287,0.6856731381770488,3.8298623237327474e-05,0.4680549396215299,0.0002146792719517204,1
1.219999999999996,0.39271491743896164,0.19902863300060553,0.8877323000593698,0.0,0.0,0.0,0.19507169487666476,-0.17066156041547287,0.6856731381770488,3.8298623237327474e-05,0.4680549396215299,0.0002146792719517204,1
1.2249999999999959,0.39289757136668557,0.19897713583072124,0.882904111087518,0.0,0.0,0.0,0.19507169487666476,-0.17066156041547287,0.6856731381770488,3.8298623237327474e-05,0.4680549396215299,0.0002146792719517204,1
1.2299999999999958,0.3905904197307029,0.20121659812641202,0.8808940358414106,0.0,0.0,0.0,0.19507169487666476,-0.17066156041547287,0.6856731381770488,3.8298623237327474e-05,0.4680549396215299,0.0002146792719517204,1
1.2349999999999957,0.3904842202925912,0.20123944818921902,0.8796997639608204,0.0,0.0,0.0,0.19507169487666476,-0.17066156041547287,0.6856731381770488,3.8298623237327474e-05,0.4680549396215299,0.0002146792719517204,1
1.2399999999999956,0.39086071653769033,0.2011774109490887,0.879508180701406,0.0,0.0,0.0,0.19507169487666476,-0.17066156041547287,0.6856731381770488,3.8298623237327474e-05,0.4680549396215299,0.0002146792719517204,1
1.2449999999999954,0.3911411880638047,0.2011362648731592,0.8795177873412132,0.0,0.0,0.0,0.19507169487666476,-0.17066156041547287,0.6856731381770488,3.8298623237327474e-05,0.4680549396215299,0.0002146792719517204,1
1.2499999999999953,0.3913488007683091,0.2011082025624948,0.8795228920178347,0.0,0.0,0.0,0.19507169487666476,-0.17066156041547287,0.6856731381770488,3.8298623237327474e-05,0.4680549396215299,0.0002146792719517204,1
1.2549999999999952,0.3915023785128574,0.20108952919448295,0.8795265606130566,0.0,0.0,0.0,0.19507169487666476,-0.17066156041547287,0.6856731381770488,3.8298623237327474e-05,0.4680549396215299,0.0002146792719517204,1
1.2599999999999951,0.3916159549459828,0.20107744753143494,0.8795292759895589,0.0,0.0,0.0,0.19507169487666476,-0.17066156041547287,0.6856731381770488,3.8298623237327474e-05,0.4680549396215299,0.0002146792719517204,1
1.264999999999995,0.39169992024800476,0.20106987490803915,0.8795313253269286,0.0,0.0,0.0,0.19507169487666476,-0.17066156041547287,0.6856731381770488,3.8298623237327474e-05,0.4680549396215299,0.0002146792719517204,1
1.269999999999995,0.3917619963753919,0.2010653324392544,0.8795328501177216,0.0,0.0,0.0,0.19507169487666476,-0.17066156041547287,0.6856731381770488,3.8298623237327474e-05,0.4680549396215299,0.0002146792719517204,1
1.2749999999999948,0.3918078599279039,0.20106276009431578,0.879533955879897,0.0,0.0,0.0,0.19507169487666476,-0.17066156041547287,0.6856731381770488,3.8298623237327474e-05,0.4680549396215299,0.0002146792719517204,1
1.2799999999999947,0.3918417138557646,0.20106145996477456,0.879534757980638,0.0,0.0,0.0,0.19507169487666476,-0.17066156041547287,0.6856731381770488,3.8298623237327474e-05,0.4680549396215299,0.0002146792719517204,1
1.2849999999999946,0.39186671923671756,0.20106095199984164,0.8795353753295458,0.0,0.0,0.0,0.19507169487666476,-0.17066156041547287,0.6856731381770488,3.8298623237327474e-05,0.4680549396215299,0.0002146792719517204,1
1.2899999999999945,0.3918851677655281,0.20106092581115662,0.8795358088435405,0.0,0.0,0.0,0.19507169487666476,-0.17066156041547287,0.6856731381770488,3.8298623237327474e-05,0.4680549396215299,0.0002146792719517204,1
1.2949999999999944,0.3918988002267313,0.20106116363056253,0.8795361191922432,0.0,0.0,0.0,0.19507169487666476,-0.17066156041547287,0.6856731381770488,3.8298623237327474e-05,0.4680549396215299,0.0002146792719517204,1
1.2999999999999943,0.39215631740829987,0.20091670769839176,0.8796641261697219,0.0,0.0,0.0,0.19507169487666476,-0.17066156041547287,0.6856731381770488,3.8298623237327474e-05,0.4680549396215299,0.0002146792719517204,0
1.3049999999999942,0.39216940575183534,0.200866052022384,0.8796675097310036,0.0,0.0,0.0,0.19507169487666476,-0.17066156041547287,0.6856731381770488,3.8298623237327474e-05,0.4680549396215299,0.0002146792719517204,0
1.309999999999994,0.39216937306829813,0.20084943169593303,0.8796685769883581,0.0,0.0,0.0,0.19507169487666476,-0.17066156041547287,0.6856731381770488,3.8298623237327474e-05,0.4680549396215299,0.0002146792719517204,0
1.314999999999994,0.39216909435507374,0.20084411093580493,0.8796688714827625,0.0,0.0,0.0,0.19507169487666476,-0.17066156041547287,0.6856731381770488,3.8298623237327474e-05,0.4680549396215299,0.0002146792719517204,0
1.3199999999999938,0.39216899050751186,0.20084240654785623,0.8796689898347799,0.0,0.0,0.0,0.19507169487666476,-0.17066156041547287,0.6856731381770488,3.8298623237327474e-05,0.4680549396215299,0.0002146792719517204,0
1.3249999999999937,0.39216893640882405,0.2008418732027406,0.8796689897354582,0.0,0.0,0.0,0.19507169487666476,-0.17066156041547287,0.6856731381770488,3.8298623237327474e-05,0.4680549396215299,0.0002146792719517204,0
1.3299999999999936,0.3921689378030067,0.20084169532099028,0.8796689898220482,0.0,0.0,0.0,0.19507169487666476,-0.17066156041547287,0.6856731381770488,3.8298623237327474e-05,0.4680549396215299,0.0002146792719517204,0
1.3349999999999935,0.3921689383670696,0.20084163605682323,0.879668989896201,0.0,0.0,0.0,0.19507169487666476,-0.17066156041547287,0.6856731381770488,3.8298623237327474e-05,0.4680549396215299,0.0002146792719517204,0
1.3399999999999934,0.39216893859229807,0.20084162127746097,0.8796689899437028,0.0,0.0,0.0,0.19507169487666476,-0.17066156041547287,0.6856731381770488,3.8298623237327474e-05,0.4680549396215299,0.0002146792719517204,0
1.3449999999999933,0.3921689386782112,0.20084162131473646,0.879668989973819,0.0,0.0,0.0,0.19507169487666476,-0.17066156041547287,0.6856731381770488,3.8298623237327474e-05,0.4680549396215299,0.0002146792719517204,0
1.3499999999999932,0.39216893872937864,0.200841621330743,0.8796689899920522,0.0,0.0,0.0,0.19507169487666476,-0.17066156041547287,0.6856731381770488,3.8298623237327474e-05,0.4680549396215299,0.0002146792719517204,0
1.354999999999993,0.3921689387603047,0.2008416213409272,0.8796689900021559,0.0,0.0,0.0,0.19507169487666476,-0.17066156041547287,0.6856731381770488,3.8298623237327474e-05,0.4680549396215299,0.0002146792719517204,0
1.359999999999993,0.39216893877891007,0.20084162134721673,0.8796689900079184,0.0,0.0,0.0,0.19507169487666476,-0.17066156041547287,0.6856731381770488,3.8298623237327474e-05,0.4680549396215299,0.0002146792719517204,0
1.3649999999999929,0.3921689387901184,0.2008416213511047,0.8796689900112225,0.0,0.0,0.0,0.19507169487666476,-0.17066156041547287,0.6856731381770488,3.8298623237327474e-05,0.4680549396215299,0.0002146792719517204,0
1.3699999999999928,0.392168938796891,0.20084162135351266,0.8796689900131272,0.0,0.0,0.0,0.19507169487666476,-0.17066156041547287,0.6856731381770488,3.8298623237327474e-05,0.4680549396215299,0.0002146792719517204,0
1.3749999999999927,0.3921925570256712,0.20070294952027554,0.8845064880110658,0.0,0.0,0.0,0.19507169487666476,-0.17066156041547287,0.6856731381770488,3.8298623237327474e-05,0.4680549396215299,0.0002146792719517204,0
1.3799999999999926,0.3922161752544514,0.20056427768703844,0.8893439860090044,0.0,0.0,0.0,0.19507169487666476,-0.17066156041547287,0.6856731381770488,3.8298623237327474e-05,0.4680549396215299,0.0002146792719517204,0
1.3849999999999925,0.39223979348323157,0.20042560585380134,0.894181484006943,0.0,0.0,0.0,0.19507169487666476,-0.17066156041547287,0.6856731381770488,3.8298623237327474e-05,0.4680549396215299,0.0002146792719517204,0
1.3899999999999924,0.3922634117120118,0.20028693402056424,0.8990189820048816,0.0,0.0,0.0,0.19507169487666476,-0.17066156041547287,0.6856731381770488,3.8298623237327474e-05,0.4680549396215299,0.0002146792719517204,0
1.3949999999999922,0.392287029940792,0.20014826218732712,0.9038564800028203,0.0,0.0,0.0,0.19507169487666476,-0.17066156041547287,0.6856731381770488,3.8298623237327474e-05,0.4680549396215299,0.0002146792719517204,0
1.3999999999999921,0.3923106481695722,0.20000959035409002,0.9086939780007588,0.0,0.0,0.0,0.19507169487666476,-0.17066156041547287,0.6856731381770488,3.8298623237327474e-05,0.4680549396215299,0.0002146792719517204,0
1.404999999999992,0.39233426639835234,0.19987091852085292,0.9135314759986974,0.0,0.0,0.0,0.19507169487666476,-0.17066156041547287,0.6856731381770488,3.8298623237327474e-05,0.4680549396215299,0.0002146792719517204,0
1.409999999999992,0.39235788462713256,0.1997322466876158,0.9183689739966361,0.0,0.0,0.0,0.19507169487666476,-0.17066156041547287,0.6856731381770488,3.8298623237327474e-05,0.4680549396215299,0.0002146792719517204,0
1.4149999999999918,0.3923815028559128,0.19959357485437873,0.9232064719945747,0.0,0.0,0.0,0.19507169487666476,-0.17066156041547287,0.6856731381770488,3.8298623237327474e-05,0.4680549396215299,0.0002146792719517204,0
1.4199999999999917,0.39240512108469294,0.1994549030211416,0.9280439699925134,0.0,0.0,0.0,0.19507169487666476,-0.17066156041547287,0.6856731381770488,3.8298623237327474e-05,0.4680549396215299,0.0002146792719517204,0
1.4249999999999916,0.3924287393134731,0.1993162311879045,0.932881467990452,0.0,0.0,0.0,0.19507169487666476,-0.17066156041547287,0.6856731381770488,3.8298623237327474e-05,0.4680549396215299,0.0002146792719517204,0
1.4299999999999915,0.3924523575422533,0.1991775593546674,0.9377189659883906,0.0,0.0,0.0,0.19507169487666476,-0.17066156041547287,0.6856731381770488,3.8298623237327474e-05,0.4680549396215299,0.0002146792719517204,0
1.4349999999999914,0.39247597577103355,0.19903888752143029,0.9425564639863292,0.0,0.0,0.0,0.19507169487666476,-0.17066156041547287,0.6856731381770488,3.8298623237327474e-05,0.4680549396215299,0.0002146792719517204,0
1.4399999999999913,0.3924995939998137,0.19890021568819316,0.9473939619842677,0.0,0.0,0.0,0.19507169487666476,-0.17066156041547287,0.6856731381770488,3.8298623237327474e-05,0.4680549396215299,0.0002146792719517204,0
1.4449999999999912,0.3925232122285939,0.1987615438549561,0.9522314599822064,0.0,0.0,0.0,0.19507169487666476,-0.17066156041547287,0.6856731381770488,3.8298623237327474e-05,0.4680549396215299,0.0002146792719517204,0
1.449999999999991,0.3925468304573741,0.19862287202171897,0.957068957980145,0.0,0.0,0.0,0.19507169487666476,-0.17066156041547287,0.6856731381770488,3.8298623237327474e-05,0.4680549396215299,0.0002146792719517204,0
1.454999999999991,0.3925704486861543,0.19848420018848187,0.9619064559780837,0.0,0.0,0.0,0.19507169487666476,-0.17066156041547287,0.6856731381770488,3.8298623237327474e-05,0.4680549396215299,0.0002146792719517204,0
1.4599999999999909,0.3925940669149345,0.19834552835524477,0.9667439539760223,0.0,0.0,0.0,0.19507169487666476,-0.17066156041547287,0.6856731381770488,3.8298623237327474e-05,0.4680549396215299,0.0002146792719517204,0
1.4649999999999908,0.3926176851437147,0.19820685652200767,0.9715814519739608,0.0,0.0,0.0,0.19507169487666476,-0.17066156041547287,0.6856731381770488,3.8298623237327474e-05,0.4680549396215299,0.0002146792719517204,0
1.4699999999999906,0.39264130337249487,0.19806818468877055,0.9764189499718995,0.0,0.0,0.0,0.19507169487666476,-0.17066156041547287,0.6856731381770488,3.8298623237327474e-05,0.4680549396215299,0.0002146792719517204,0
1.4749999999999905,0.3913883887081796,0.19961562786066708,0.9780589937046187,0.0,0.0,0.0,0.19507169487666476,-0.17066156041547287,0.6856731381770488,3.8298623237327474e-05,0.4680549396215299,0.0002146792719517204,0
1.4799999999999904,0.3901354740438644,0.20116307103256362,0.979699037437338,0.0,0.0,0.0,0.19507169487666476,-0.17066156041547287,0.6856731381770488,3.8298623237327474e-05,0.4680549396215299,0.0002146792719517204,0
1.4849999999999903,0.39125037087538306,0.20160818141034398,0.9797203997659054,0.0,0.0,0.0,0.19507169487666476,-0.17066156041547287,0.6856731381770488,3.8298623237327474e-05,0.4680549396215299,0.0002146792719517204,0
1.4899999999999902,0.39171695352305613,0.2011793539027955,0.9793238978072433,0.0,0.0,0.0,0.19507169487666476,-0.17066156041547287,0.6856731381770488,3.8298623237327474e-05,0.4680549396215299,0.0002146792719517204,0
1.4949999999999901,0.3918280881659572,0.20111361039073297,0.9793610824589785,0.0,0.0,0.0,0.19507169487666476,-0.17066156041547287,0.6856731381770488,3.8298623237327474e-05,0.4680549396215299,0.0002146792719517204,0
1.49999999999999,0.39183733480496435,0.2010984530111565,0.979363397815036,0.0,0.0,0.0,0.19507169487666476,-0.17066156041547287,0.6856731381770488,3.8298623237327474e-05,0.4680549396215299,0.0002146792719517204,0
1.50499999999999,0.39183842903312344,0.20109469304955208,0.9793645754625144,0.0,0.0,0.0,0.19507169487666476,-0.17066156041547287,0.6856731381770488,3.8298623237327474e-05,0.4680549396215299,0.0002146792719517204,0
1.5099999999999898,0.39183869257604714,0.20109367750538337,0.9793649326093872,0.0,0.0,0.0,0.19507169487666476,-0.17066156041547287,0.6856731381770488,3.8298623237327474e-05,0.4680549396215299,0.0002146792719517204,0
1.5149999999999897,0.3918387934767464,0.20109344166612822,0.9793650972587057,0.0,0.0,0.0,0.19507169487666476,-0.17066156041547287,0.6856731381770488,3.8298623237327474e-05,0.4680549396215299,0.0002146792719517204,0
1.5199999999999896,0.3918388270977992,0.20109338832795323,0.9793651751063583,0.0,0.0,0.0,0.19507169487666476,-0.17066156041547287,0.6856731381770488,3.8298623237327474e-05,0.4680549396215299,0.0002146792719517204,0
1.5249999999999895,0.39183884436998356,0.2010933908918586,0.9793652151434096,0.0,0.0,0.0,0.19507169487666476,-0.17066156041547287,0.6856731381770488,3.8298623237327474e-05,0.4680549396215299,0.0002146792719517204,0
1.5299999999999894,0.3918388540479914,0.2010934182085736,0.9793652367200248,0.0,0.0,0.0,0.19507169487666476,-0.17066156041547287,0.6856731381770488,3.8298623237327474e-05,0.4680549396215299,0.0002146792719517204,0
1.5349999999999893,0.3918388599487848,0.20109342655409743,0.9793652488480773,0.0,0.0,0.0,0.19507169487666476,-0.17066156041547287,0.6856731381770488,3.8298623237327474e-05,0.4680549396215299,0.0002146792719517204,0
1.5399999999999892,0.3918388636701968,0.20109343203341135,0.9793652558338681,0.0,0.0,0.0,0.19507169487666476,-0.17066156041547287,0.6856731381770488,3.8298623237327474e-05,0.4680549396215299,0.0002146792719517204,0
1.544999999999989,0.39183886597567896,0.20109345042627638,0.9793652599088671,0.0,0.0,0.0,0.19507169487666476,-0.17066156041547287,0.6856731381770488,3.8298623237327474e-05,0.4680549396215299,0.0002146792719517204,0
1.549999999999989,0.3871035225536987,0.19960384062606032,0.9793779547106898,0.0,0.0,0.0,0.19507169487666476,-0.17066156041547287,0.6856731381770488,3.8298623237327474e-05,0.4680549396215299,0.0002146792719517204,0
1.5549999999999888,0.38236817913171833,0.19811423082584426,0.9793906495125124,0.0,0.0,0.0,0.19507169487666476,-0.17066156041547287,0.6856731381770488,3.8298623237327474e-05,0.4680549396215299,0.0002146792719517204,0
1.5599999999999887,0.3776328357097381,0.19662462102562814,0.9794033443143351,0.0,0.0,0.0,0.19507169487666476,-0.17066156041547287,0.6856731381770488,3.8298623237327474e-05,0.4680549396215299,0.0002146792719517204,0
1.5649999999999886,0.37289749228775787,0.1951350112254121,0.9794160391161578,0.0,0.0,0.0,0.19507169487666476,-0.17066156041547287,0.6856731381770488,3.8298623237327474e-05,0.4680549396215299,0.0002146792719517204,0
1.5699999999999885,0.3681621488657775,0.19364540142519604,0.9794287339179805,0.0,0.0,0.0,0.19507169487666476,-0.17066156041547287,0.6856731381770488,3.8298623237327474e-05,0.4680549396215299,0.0002146792719517204,0
1.5749999999999884,0.36342680544379724,0.19215579162497995,0.9794414287198031,0.0,0.0,0.0,0.19507169487666476,-0.17066156041547287,0.6856731381770488,3.8298623237327474e-05,0.4680549396215299,0.0002146792719517204,0
1.5799999999999883,0.35869146202181695,0.1906661818247639,0.9794541235216258,0.0,0.0,0.0,0.19507169487666476,-0.17066156041547287,0.6856731381770488,3.8298623237327474e-05,0.4680549396215299,0.0002146792719517204,0
1.5849999999999882,0.35395611859983667,0.18917657202454782,0.9794668183234483,0.0,0.0,0.0,0.19507169487666476,-0.17066156041547287,0.6856731381770488,3.8298623237327474e-05,0.4680549396215299,0.0002146792719517204,0
1.589999999999988,0.34922077517785644,0.18768696222433176,0.9794795131252712,0.0,0.0,0.0,0.19507169487666476,-0.17066156041547287,0.6856731381770488,3.8298623237327474e-05,0.4680549396215299,0.0002146792719517204,0
1.594999999999988,0.34448543175587615,0.18619735242411567,0.9794922079270938,0.0,0.0,0.0,0.19507169487666476,-0.17066156041547287,0.6856731381770488,3.8298623237327474e-05,0.4680549396215299,0.0002146792719517204,0
1.5999999999999879,0.33975008833389586,0.1847077426238996,0.9795049027289164,0.0,0.0,0.0,0.19507169487666476,-0.17066156041547287,0.6856731381770488,3.8298623237327474e-05,0.4680549396215299,0.0002146792719517204,0
1.6049999999999878,0.3350147449119155,0.18321813282368354,0.979517597530739,0.0,0.0,0.0,0.19507169487666476,-0.17066156041547287,0.6856731381770488,3.8298623237327474e-05,0.4680549396215299,0.0002146792719517204,0
1.6099999999999877,0.3302794014899353,0.18172852302346748,0.9795302923325617,0.0,0.0,0.0,0.19507169487666476,-0.17066156041547287,0.6856731381770488,3.8298623237327474e-05,0.4680549396215299,0.0002146792719517204,0
1.6149999999999876,0.325544058067955,0.18023891322325136,0.9795429871343844,0.0,0.0,0.0,0.19507169487666476,-0.17066156041547287,0.6856731381770488,3.8298623237327474e-05,0.4680549396215299,0.0002146792719517204,0
1.6199999999999875,0.32080871464597466,0.1787493034230353,0.979555681936207,0.0,0.0,0.0,0.19507169487666476,-0.17066156041547287,0.6856731381770488,3.8298623237327474e-05,0.4680549396215299,0.0002146792719517204,0
1.6249999999999873,0.31607337122399437,0.17725969362281924,0.9795683767380295,0.0,0.0,0.0,0.19507169487666476,-0.17066156041547287,0.6856731381770488,3.8298623237327474e-05,0.4680549396215299,0.0002146792719517204,0
1.6299999999999872,0.31133802780201414,0.17577008382260317,0.9795810715398523,0.0,0.0,0.0,0.19507169487666476,-0.17066156041547287,0.6856731381770488,3.8298623237327474e-05,0.4680549396215299,0.0002146792719517204,0
1.6349999999999871,0.30660268438003385,0.1742804740223871,0.9795937663416749,0.0,0.0,0.0,0.19507169487666476,-0.17066156041547287,0.6856731381770488,3.8298623237327474e-05,0.4680549396215299,0.0002146792719517204,0
1.639999999999987,0.30186734095805356,0.17279086422217105,0.9796064611434976,0.0,0.0,0.0,0.19507169487666476,-0.17066156041547287,0.6856731381770488,3.8298623237327474e-05,0.4680549396215299,0.0002146792719517204,0
1.644999999999987,0.2971319975360733,0.17130125442195498,0.9796191559453202,0.0,0.0,0.0,0.19507169487666476,-0.17066156041547287,0.6856731381770488,3.8298623237327474e-05,0.4680549396215299,0.0002146792719517204,0
1.6499999999999868,0.292396654114093,0.16981164462173892,0.979631850747143,0.0,0.0,0.0,0.19507169487666476,-0.17066156041547287,0.6856731381770488,3.8298623237327474e-05,0.4680549396215299,0.0002146792719517204,0
1.6549999999999867,0.28766131069211276,0.16832203482152283,0.9796445455489655,0.0,0.0,0.0,0.19507169487666476,-0.17066156041547287,0.6856731381770488,3.8298623237327474e-05,0.4680549396215299,0.0002146792719517204,0
1.6599999999999866,0.2829259672701324,0.16683242502130677,0.9796572403507884,0.0,0.0,0.0,0.19507169487666476,-0.17066156041547287,0.6856731381770488,3.8298623237327474e-05,0.4680549396215299,0.0002146792719517204,0
1.6649999999999865,0.2781906238481522,0.16534281522109068,0.9796699351526108,0.0,0.0,0.0,0.19507169487666476,-0.17066156041547287,0.6856731381770488,3.8298623237327474e-05,0.4680549396215299,0.0002146792719517204,0
1.6699999999999864,0.27345528042617184,0.16385320542087461,0.9796826299544336,0.0,0.0,0.0,0.19507169487666476,-0.17066156041547287,0.6856731381770488,3.8298623237327474e-05,0.4680549396215299,0.0002146792719517204,0
1.6749999999999863,0.26871993700419156,0.16236359562065855,0.9796953247562563,0.0,0.0,0.0,0.19507169487666476,-0.17066156041547287,0.6856731381770488,3.8298623237327474e-05,0.4680549396215299,0.0002146792719517204,0
1.6799999999999862,0.26398459358221127,0.1608739858204425,0.9797080195580788,0.0,0.0,0.0,0.19507169487666476,-0.17066156041547287,0.6856731381770488,3.8298623237327474e-05,0.4680549396215299,0.0002146792719517204,0
1.684999999999986,0.259249250160231,0.1593843760202264,0.9797207143599016,0.0,0.0,0.0,0.19507169487666476,-0.17066156041547287,0.6856731381770488,3.8298623237327474e-05,0.4680549396215299,0.0002146792719517204,0
1.689999999999986,0.2545139067382507,0.15789476622001034,0.9797334091617241,0.0,0.0,0.0,0.19507169487666476,-0.17066156041547287,0.6856731381770488,3.8298623237327474e-05,0.4680549396215299,0.0002146792719517204,0
1.6949999999999859,0.24977856331627046,0.15640515641979424,0.9797461039635469,0.0,0.0,0.0,0.19507169487666476,-0.17066156041547287,0.6856731381770488,3.8298623237327474e-05,0.4680549396215299,0.0002146792719517204,0
1.6999999999999857,0.24504321989429015,0.15491554661957818,0.9797587987653695,0.0,0.0,0.0,0.19507169487666476,-0.17066156041547287,0.6856731381770488,3.8298623237327474e-05,0.4680549396215299,0.0002146792719517204,0
1.7049999999999856,0.24030787647230986,0.15342593681936212,0.9797714935671922,0.0,0.0,0.0,0.19507169487666476,-0.17066156041547287,0.6856731381770488,3.8298623237327474e-05,0.4680549396215299,0.0002146792719517204,0
1.7099999999999855,0.23557253305032955,0.15193632701914606,0.9797841883690148,0.0,0.0,0.0,0.19507169487666476,-0.17066156041547287,0.6856731381770488,3.8298623237327474e-05,0.4680549396215299,0.0002146792719517204,0
1.7149999999999854,0.2308371896283493,0.15044671721892997,0.9797968831708375,0.0,0.0,0.0,0.19507169487666476,-0.17066156041547287,0.6856731381770488,3.8298623237327474e-05,0.4680549396215299,0.0002146792719517204,0
1.7199999999999853,0.22610184620636903,0.1489571074187139,0.9798095779726601,0.0,0.0,0.0,0.19507169487666476,-0.17066156041547287,0.6856731381770488,3.8298623237327474e-05,0.4680549396215299,0.0002146792719517204,0
1.7249999999999852,0.22136650278438874,0.14746749761849784,0.9798222727744827,0.0,0.0,0.0,0.19507169487666476,-0.17066156041547287,0.6856731381770488,3.8298623237327474e-05,0.4680549396215299,0.0002146792719517204,0
1.729999999999985,0.21663115936240845,0.14597788781828178,0.9798349675763054,0.0,0.0,0.0,0.19507169487666476,-0.17066156041547287,0.6856731381770488,3.8298623237327474e-05,0.4680549396215299,0.0002146792719517204,0
1.734999999999985,0.21189581594042817,0.14448827801806569,0.9798476623781281,0.0,0.0,0.0,0.19507169487666476,-0.17066156041547287,0.6856731381770488,3.8298623237327474e-05,0.4680549396215299,0.0002146792719517204,0
1.739999999999985,0.20716047251844788,0.14299866821784962,0.9798603571799507,0.0,0.0,0.0,0.19507169487666476,-0.17066156041547287,0.6856731381770488,3.8298623237327474e-05,0.4680549396215299,0.0002146792719517204,0
1.7449999999999848,0.2024251290964676,0.14150905841763356,0.9798730519817734,0.0,0.0,0.0,0.19507169487666476,-0.17066156041547287,0.6856731381770488,3.8298623237327474e-05,0.4680549396215299,0.0002146792719517204,0
1.7499999999999847,0.1976897856744873,0.1400194486174175,0.9798857467835961,0.0,0.0,0.0,0.19507169487666476,-0.17066156041547287,0.6856731381770488,3.8298623237327474e-05,0.4680549396215299,0.0002146792719517204,0
1.7549999999999846,0.19295444225250702,0.13852983881720143,0.9798984415854187,0.0,0.0,0.0,0.19507169487666476,-0.17066156041547287,0.6856731381770488,3.8298623237327474e-05,0.4680549396215299,0.0002146792719517204,0
1.7599999999999845,0.18821909883052673,0.13704022901698534,0.9799111363872414,0.0,0.0,0.0,0.19507169487666476,-0.17066156041547287,0.6856731381770488,3.8298623237327474e-05,0.4680549396215299,0.0002146792719517204,0
1.7649999999999844,0.18348375540854645,0.13555061921676928,0.979923831189064,0.0,0.0,0.0,0.19507169487666476,-0.17066156041547287,0.6856731381770488,3.8298623237327474e-05,0.4680549396215299,0.0002146792719517204,0
1.7699999999999843,0.17874841198656616,0.1340610094165532,0.9799365259908867,0.0,0.0,0.0,0.19507169487666476,-0.17066156041547287,0.6856731381770488,3.8298623237327474e-05,0.4680549396215299,0.0002146792719517204,0
1.7749999999999841,0.17401306856458587,0.13257139961633713,0.9799492207927094,0.0,0.0,0.0,0.19507169487666476,-0.17066156041547287,0.6856731381770488,3.8298623237327474e-05,0.4680549396215299,0.0002146792719517204,0
1.779999999999984,0.16927772514260564,0.13108178981612106,0.9799619155945319,0.0,0.0,0.0,0.19507169487666476,-0.17066156041547287,0.6856731381770488,3.8298623237327474e-05,0.4680549396215299,0.0002146792719517204,0
1.784999999999984,0.16454238172062532,0.12959218001590497,0.9799746103963547,0.0,0.0,0.0,0.19507169487666476,-0.17066156041547287,0.6856731381770488,3.8298623237327474e-05,0.4680549396215299,0.0002146792719517204,0
1.7899999999999838,0.15980703829864507,0.1281025702156889,0.9799873051981772,0.0,0.0,0.0,0.19507169487666476,-0.17066156041547287,0.6856731381770488,3.8298623237327474e-05,0.4680549396215299,0.0002146792719517204,0
1.7949999999999837,0.15507169487666475,0.12661296041547285,0.98,0.0,0.0,0.0,0.19507169487666476,-0.17066156041547287,0.6856731381770488,3.8298623237327474e-05,0.4680549396215299,0.0002146792719517204,0
1.7999999999999836,0.1557383615433314,0.12661296041547285,0.9750945523029507,1.9761953703712763e-07,0.007800915695562516,-3.362291422673226e-06,0.19507169487666476,-0.17066156041547287,0.6856731381770488,3.8298623237327474e-05,0.4680549396215299,0.0002146792719517204,0
1.8049999999999835,0.15640502820999808,0.12661296041547285,0.9701891046059017,3.690252363164433e-07,0.01560183139174498,-6.723348004328242e-06,0.19507169487666476,-0.17066156041547287,0.6856731381770488,3.8298623237327474e-05,0.4680549396215299,0.0002146792719517204,0
1.8099999999999834,0.15707169487666472,0.12661296041547285,0.9652836569088524,5.14230783251604e-07,0.023402747088459463,-1.0083578554975563e-05,0.19507169487666476,-0.17066156041547287,0.6856731381770488,3.8298623237327474e-05,0.4680549396215299,0.0002146792719517204,0
1.8149999999999833,0.15773836154333143,0.12661296041547285,0.9603782092118032,6.332418928921722e-07,0.031203662785617814,-1.344339178250312e-05,0.19507169487666476,-0.17066156041547287,0.6856731381770488,3.8298623237327474e-05,0.4680549396215299,0.0002146792719517204,0
1.8199999999999832,0.15840502820999808,0.12661296041547285,0.955472761514754,7.260563076114575e-07,0.03900457848313166,-1.6803196491701092e-05,0.19507169487666476,-0.17066156041547287,0.6856731381770488,3.8298623237327474e-05,0.4680549396215299,0.0002146792719517204,0
1.824999999999983,0.15907169487666475,0.12661296041547285,0.9505673138177049,7.926637888678577e-07,0.04680549418091329,-2.0163401783533266e-05,0.19507169487666476,-0.17066156041547287,0.6856731381770488,3.8298623237327474e-05,0.4680549396215299,0.0002146792719517204,0
1.829999999999983,0.1597383615433314,0.12661296041547285,0.9456618661206556,8.330461030239731e-07,0.05460640987887433,-2.352441725486171e-05,0.19507169487666476,-0.17066156041547287,0.6856731381770488,3.8298623237327474e-05,0.4680549396215299,0.0002146792719517204,0
1.8349999999999829,0.1604050282099981,0.12661296041547285,0.9407564184236066,8.471770011994797e-07,0.062407325576927075,-2.6886653198832297e-05,0.19507169487666476,-0.17066156041547287,0.6856731381770488,3.8298623237327474e-05,0.4680549396215299,0.0002146792719517204,0
1.8399999999999828,0.16107169487666476,0.12661296041547285,0.9358509707265573,8.350221931254566e-07,0.07020824127498315,-3.02505208061302e-05,0.19507169487666476,-0.17066156041547287,0.6856731381770488,3.8298623237327474e-05,0.4680549396215299,0.0002146792719517204,0
1.8449999999999827,0.16173836154333143,0.12661296041547285,0.9309455230295081,7.965393149595367e-07,0.07800915697295396,-3.361643236731586e-05,0.19507169487666476,-0.17066156041547287,0.6856731381770488,3.8298623237327474e-05,0.4680549396215299,0.0002146792719517204,0
1.8499999999999825,0.16240502820999808,0.12661296041547285,0.9260400753324589,7.316778910126111e-07,0.08581007267075158,-3.698480147645429e-05,0.19507169487666476,-0.17066156041547287,0.6856731381770488,3.8298623237327474e-05,0.4680549396215299,0.0002146792719517204,0
1.8549999999999824,0.16307169487666476,0.12661296041547285,0.9211346276354098,6.403792893295081e-07,0.09361098836828696,-4.035604323625307e-05,0.19507169487666476,-0.17066156041547287,0.6856731381770488,3.8298623237327474e-05,0.4680549396215299,0.0002146792719517204,0
1.8599999999999823,0.16373836154333143,0.12661296041547285,0.9162291799383605,5.225766710568635e-07,0.10141190406547129,-4.3730574464926695e-05,0.19507169487666476,-0.17066156041547287,0.6856731381770488,3.8298623237327474e-05,0.4680549396215299,0.0002146792719517204,0
1.8649999999999822,0.16440502820999808,0.12661296041547285,0.9113237322413114,3.7819493352308115e-07,0.10921281976221531,-4.710881390500911e-05,0.19507169487666476,-0.17066156041547287,0.6856731381770488,3.8298623237327474e-05,0.4680549396215299,0.0002146792719517204,0
1.8699999999999821,0.16507169487666476,0.12661296041547285,0.9064182845442622,2.071506469458116e-07,0.11701373545842952,-5.049118243433917e-05,0.19507169487666476,-0.17066156041547287,0.6856731381770488,3.8298623237327474e-05,0.4680549396215299,0.0002146792719517204,0
1.874999999999982,0.16573836154333144,0.12661296041547287,0.901512836847213,9.351984673147841e-09,0.12481465115402379,-5.3878103279448065e-05,0.19507169487666476,-0.17066156041547287,0.6856731381770488,3.8298623237327474e-05,0.4680549396215299,0.0002146792719517204,0
1.879999999999982,0.16640502820999808,0.12661296041547285,0.8966073891501638,-2.1530135314450934e-07,0.13261556684890774,-5.727000223158263e-05,0.19507169487666476,-0.17066156041547287,0.6856731381770488,3.8298623237327474e-05,0.4680549396215299,0.0002146792719517204,0
1.8849999999999818,0.16707169487666473,0.12661296041547285,0.8917019414531145,-4.669182225648998e-07,0.1404164825429901,-6.066730786560281e-05,0.19507169487666476,-0.17066156041547287,0.6856731381770488,3.8298623237327474e-05,0.4680549396215299,0.0002146792719517204,0
1.8899999999999817,0.1677383615433314,0.12661296041547285,0.8867964937560654,-7.456161256696626e-07,0.1482173982361803,-6.40704517619975e-05,0.19507169487666476,-0.17066156041547287,0.6856731381770488,3.8298623237327474e-05,0.4680549396215299,0.0002146792719517204,0
1.8949999999999816,0.1684050282099981,0.12661296041547285,0.8818910460590164,-1.0515213073183924e-06,0.1560183139283855,-6.747986873226878e-05,0.19507169487666476,-0.17066156041547287,0.6856731381770488,3.8298623237327474e-05,0.4680549396215299,0.0002146792719517204,0
1.8999999999999815,0.16907169487666474,0.12661296041547285,0.8769855983619671,-1.3847688589850224e-06,0.16381922961951356,-7.08959970479404e-05,0.19507169487666476,-0.17066156041547287,0.6856731381770488,3.8298623237327474e-05,0.4680549396215299,0.0002146792719517204,0
1.9049999999999814,0.1697383615433314,0.12661296041547285,0.8720801506649178,-1.7455028298311084e-06,0.17162014530947078,-7.431927867345464e-05,0.19507169487666476,-0.17066156041547287,0.6856731381770488,3.8298623237327474e-05,0.4680549396215299,0.0002146792719517204,0
1.9099999999999813,0.1704050282099981,0.12661296041547285,0.8671747029678687,-2.1338763451820173e-06,0.17942106099816346,-7.775015950322703e-05,0.19507169487666476,-0.17066156041547287,0.6856731381770488,3.8298623237327474e-05,0.4680549396215299,0.0002146792719517204,0
1.9149999999999812,0.17107169487666476,0.12661296041547285,0.8622692552708195,-2.5500517325839498e-06,0.18722197668549612,-8.118908960313878e-05,0.19507169487666476,-0.17066156041547287,0.6856731381770488,3.8298623237327474e-05,0.4680549396215299,0.0002146792719517204,0
1.919999999999981,0.1717383615433314,0.12661296041547285,0.8573638075737702,-2.9942006556313983e-06,0.19502289237137393,-8.463652345675333e-05,0.19507169487666476,-0.17066156041547287,0.6856731381770488,3.8298623237327474e-05,0.4680549396215299,0.0002146792719517204,0
1.924999999999981,0.1724050282099981,0.12661296041547285,0.8524583598767211,-3.466504255767686e-06,0.20282380805570033,-8.809292021655391e-05,0.19507169487666476,-0.17066156041547287,0.6856731381770488,3.8298623237327474e-05,0.4680549396215299,0.0002146792719517204,0
1.9299999999999808,0.17307169487666474,0.12661296041547287,0.847552912179672,-3.96715330227418e-06,0.21062472373837693,-9.155874396050782e-05,0.19507169487666476,-0.17066156041547287,0.6856731381770488,3.8298623237327474e-05,0.4680549396215299,0.0002146792719517204,0
1.9349999999999807,0.17373836154333142,0.12661296041547285,0.8426474644826227,-4.496348350677106e-06,0.21842563941930626,-9.503446395427479e-05,0.19507169487666476,-0.17066156041547287,0.6856731381770488,3.8298623237327474e-05,0.4680549396215299,0.0002146792719517204,0
1.9399999999999806,0.1744050282099981,0.12661296041547285,0.8377420167855736,-5.054299909815592e-06,0.22622655509838863,-9.852055491938659e-05,0.19507169487666476,-0.17066156041547287,0.6856731381770488,3.8298623237327474e-05,0.4680549396215299,0.0002146792719517204,0
1.9449999999999805,0.17507169487666474,0.12661296041547285,0.8328365690885244,-5.6412286178288804e-06,0.234027470775523,-0.0001020174973077378,0.19507169487666476,-0.17066156041547287,0.6856731381770488,3.8298623237327474e-05,0.4680549396215299,0.0002146792719517204,0
1.9499999999999804,0.17573836154333144,0.12661296041547285,0.8279311213914752,-6.257365427336487e-06,0.2418283864506081,-0.00010552577758274047,0.19507169487666476,-0.17066156041547287,0.6856731381770488,3.8298623237327474e-05,0.4680549396215299,0.0002146792719517204,0
1.9549999999999803,0.1764050282099981,0.12661296041547285,0.8230256736944259,-6.902951800100794e-06,0.24962930212354095,-0.00010904588850750737,0.19507169487666476,-0.17066156041547287,0.6856731381770488,3.8298623237327474e-05,0.4680549396215299,0.0002146792719517204,0
1.9599999999999802,0.17707169487666474,0.12661296041547285,0.8181202259973768,-7.578239911478827e-06,0.2574302177942174,-0.00011257832944044521,0.19507169487666476,-0.17066156041547287,0.6856731381770488,3.8298623237327474e-05,0.4680549396215299,0.0002146792719517204,0
1.96499999999998,0.17773836154333145,0.12661296041547285,0.8132147783003276,-8.28349286498737e-06,0.265231133462531,-0.00011612360663865198,0.19507169487666476,-0.17066156041547287,0.6856731381770488,3.8298623237327474e-05,0.4680549396215299,0.0002146792719517204,0
1.96999999999998,0.1784050282099981,0.12661296041547285,0.8083093306032785,-9.018984917324443e-06,0.273032049128376,-0.00011968223356953011,0.19507169487666476,-0.17066156041547287,0.6856731381770488,3.8298623237327474e-05,0.4680549396215299,0.0002146792719517204,0
1.9749999999999799,0.17907169487666474,0.12661296041547285,0.8034038829062293,-9.785001714208428e-06,0.280832964791643,-0.00012325473123104384,0.19507169487666476,-0.17066156041547287,0.6856731381770488,3.8298623237327474e-05,0.4680549396215299,0.0002146792719517204,0
1.9799999999999798,0.17973836154333142,0.12661296041547285,0.7984984352091801,-1.0581840537418705e-05,0.2886338804522226,-0.00012684162848106733,0.19507169487666476,-0.17066156041547287,0.6856731381770488,3.8298623237327474e-05,0.4680549396215299,0.0002146792719517204,0
1.9849999999999797,0.1804050282099981,0.12661296041547285,0.7935929875121308,-1.1409810563440144e-05,0.29643479611000334,-0.00013044346237628873,0.19507169487666476,-0.17066156041547287,0.6856731381770488,3.8298623237327474e-05,0.4680549396215299,0.0002146792719517204,0
1.9899999999999796,0.18107169487666475,0.12661296041547285,0.7886875398150817,-1.2269233134138927e-05,0.3042357117648713,-0.00013406077852115743,0.19507169487666476,-0.17066156041547287,0.6856731381770488,3.8298623237327474e-05,0.4680549396215299,0.0002146792719517204,0
1.9949999999999795,0.1817383615433314,0.12661296041547285,0.7837820921180325,-1.3160442039918818e-05,0.31203662741671145,-0.00013769413142738094,0.19507169487666476,-0.17066156041547287,0.6856731381770488,3.8298623237327474e-05,0.4680549396215299,0.0002146792719517204,0
1.9999999999999793,0.1824050282099981,0.12661296041547285,0.7788766444209834,-1.4083783815833372e-05,0.3198375430654079,-0.00014134408488450335,0.19507169487666476,-0.17066156041547287,0.6856731381770488,3.8298623237327474e-05,0.4680549396215299,0.0002146792719517204,0
2.0049999999999795,0.18307169487666475,0.12661296041547285,0.7739711967239342,-1.503961805115381e-05,0.32763845871084096,-0.00014501121234211883,0.19507169487666476,-0.17066156041547287,0.6856731381770488,3.8298623237327474e-05,0.4680549396215299,0.0002146792719517204,0
2.0099999999999794,0.18373836154333142,0.12661296041547285,0.769065749026885,-1.6028317712922705e-05,0.3354393743528905,-0.00014869609730430288,0.19507169487666476,-0.17066156041547287,0.6856731381770488,3.8298623237327474e-05,0.4680549396215299,0.0002146792719517204,0
2.0149999999999793,0.18440502820999807,0.12661296041547285,0.7641603013298357,-1.7050269484049165e-05,0.3432402899914333,-0.00015239933373686795,0.19507169487666476,-0.17066156041547287,0.6856731381770488,3.8298623237327474e-05,0.4680549396215299,0.0002146792719517204,0
2.019999999999979,0.18507169487666475,0.12661296041547285,0.7592548536327866,-1.8105874116535058e-05,0.35104120562634433,-0.00015612152648808078,0.19507169487666476,-0.17066156041547287,0.6856731381770488,3.8298623237327474e-05,0.4680549396215299,0.0002146792719517204,0
2.024999999999979,0.18573836154333143,0.12661296041547285,0.7543494059357373,-1.9195546800451985e-05,0.3588421212574968,-0.00015986329172351055,0.19507169487666476,-0.17066156041547287,0.6856731381770488,3.8298623237327474e-05,0.4680549396215299,0.0002146792719517204,0
2.029999999999979,0.1864050282099981,0.12661296041547285,0.7494439582386883,-2.0319717549324e-05,0.36664303688476085,-0.00016362525737570615,0.19507169487666476,-0.17066156041547287,0.6856731381770488,3.8298623237327474e-05,0.4680549396215299,0.0002146792719517204,0
2.034999999999979,0.18707169487666475,0.12661296041547285,0.744538510541639,-2.1478831602606317e-05,0.3744439525080048,-0.0001674080636094403,0.19507169487666476,-0.17066156041547287,0.6856731381770488,3.8298623237327474e-05,0.4680549396215299,0.0002146792719517204,0
2.0399999999999787,0.18773836154333143,0.12661296041547285,0.7396330628445899,-2.267334984598957e-05,0.3822448681270936,-0.00017121236330329,0.19507169487666476,-0.17066156041547287,0.6856731381770488,3.8298623237327474e-05,0.4680549396215299,0.0002146792719517204,0
2.0449999999999786,0.1884050282099981,0.12661296041547285,0.7347276151475407,-2.3903749250298297e-05,0.3900457837418907,-0.00017503882254836593,0.19507169487666476,-0.17066156041547287,0.6856731381770488,3.8298623237327474e-05,0.4680549396215299,0.0002146792719517204,0
2.0499999999999785,0.18907169487666475,0.12661296041547285,0.7298221674504914,-2.517052332979529e-05,0.3978466993522558,-0.00017888812116504153,0.19507169487666476,-0.17066156041547287,0.6856731381770488,3.8298623237327474e-05,0.4680549396215299,0.0002146792719517204,0
2.0549999999999784,0.1897383615433314,0.12661296041547285,0.7249167197534422,-2.6474182620749704e-05,0.4056476149580466,-0.00018276095323857907,0.19507169487666476,-0.17066156041547287,0.6856731381770488,3.8298623237327474e-05,0.4680549396215299,0.0002146792719517204,0
2.0599999999999783,0.1904050282099981,0.12661296041547285,0.7200112720563931,-2.7815255181173058e-05,0.4134485305591169,-0.00018665802767459488,0.19507169487666476,-0.17066156041547287,0.6856731381770488,3.8298623237327474e-05,0.4680549396215299,0.0002146792719517204,0
2.064999999999978,0.19107169487666475,0.12661296041547285,0.7151058243593439,-2.9194287112679367e-05,0.42124944615531845,-0.00019058006877535632,0.19507169487666476,-0.17066156041547287,0.6856731381770488,3.8298623237327474e-05,0.4680549396215299,0.0002146792719517204,0
2.069999999999978,0.1917383615433314,0.12661296041547285,0.7102003766622947,-3.0611843105478656e-05,0.4290503617464989,-0.00019452781683795492,0.19507169487666476,-0.17066156041547287,0.6856731381770488,3.8298623237327474e-05,0.4680549396215299,0.0002146792719517204,0
2.074999999999978,0.19240502820999808,0.12661296041547285,0.7052949289652456,-3.206850700757047e-05,0.43685127733250306,-0.00019850202877545763,0.19507169487666476,-0.17066156041547287,0.6856731381770488,3.8298623237327474e-05,0.4680549396215299,0.0002146792719517204,0
2.079999999999978,0.19307169487666476,0.12661296041547285,0.7003894812681963,-3.356488241926462e-05,0.44465219291317304,-0.00020250347876219586,0.19507169487666476,-0.17066156041547287,0.6856731381770488,3.8298623237327474e-05,0.4680549396215299,0.0002146792719517204,0
2.0849999999999778,0.19373836154333143,0.12661296041547285,0.6954840335711471,-3.510159331422078e-05,0.4524531084883452,-0.0002065329589044173,0.19507169487666476,-0.17066156041547287,0.6856731381770488,3.8298623237327474e-05,0.4680549396215299,0.0002146792719517204,0
2.0899999999999777,0.19440502820999808,0.12661296041547285,0.690578585874098,-3.6679284688266714e-05,0.46025402405785387,-0.0002105912799375893,0.19507169487666476,-0.17066156041547287,0.6856731381770488,3.8298623237327474e-05,0.4680549396215299,0.0002146792719517204,0
2.0949999999999775,0.19507169487666476,0.12661296041547285,0.6856731381770488,-3.829862323732749e-05,0.4680549396215299,-0.00021467927195172043,0.19507169487666476,-0.17066156041547287,0.6856731381770488,3.8298623237327474e-05,0.4680549396215299,0.0002146792719517204,0
